position,id,product_id,alt_text,url
0,00706f18-6666-49b7-856f-87ef8949287d,89ed1a51-a77e-40ea-894f-917fb5f7e983,Product image 1,https://pub-e3f67119581e41a09e34c0a920c52720.r2.dev/stores/b3e2a517-b6b7-44e5-a644-afa4ead57d8f/products/89ed1a51-a77e-40ea-894f-917fb5f7e983/a640cd2e-7af4-4223-a4f4-dfdaf6fc7ea7.jpeg
3,032e78a9-2414-486e-8461-b71cee730662,c9688179-446a-4f57-a35e-bb8e5dbc49b0,Product image 4,https://pub-e3f67119581e41a09e34c0a920c52720.r2.dev/stores/117a41a8-6127-400d-a3d5-839d072ed61d/products/c9688179-446a-4f57-a35e-bb8e5dbc49b0/9e9f7805-feaf-42c1-98bf-7fe3527dc87b.jpg
3,04da0608-8398-4424-b27c-682c37e5681f,81676a7c-9a7a-412f-a4fc-007128b97d74,Product image 4,https://pub-e3f67119581e41a09e34c0a920c52720.r2.dev/stores/51da23d7-691e-4119-a13b-6670c18bba93/products/81676a7c-9a7a-412f-a4fc-007128b97d74/927926ee-6073-4b78-bbff-c45af52ed42e.jpeg
4,07f5585f-a652-42c4-87e5-4c369b8cafb0,81676a7c-9a7a-412f-a4fc-007128b97d74,Product image 5,https://pub-e3f67119581e41a09e34c0a920c52720.r2.dev/stores/51da23d7-691e-4119-a13b-6670c18bba93/products/81676a7c-9a7a-412f-a4fc-007128b97d74/2b056e90-8d9a-4856-ae8f-33705b0d5e19.jpeg
4,087b6116-14f9-4a49-90b5-40607477673b,4d91da84-8155-400b-891f-32090beb1757,Product image 5,https://pub-e3f67119581e41a09e34c0a920c52720.r2.dev/stores/e848acb0-d570-4b44-b104-c781697589cf/products/4d91da84-8155-400b-891f-32090beb1757/be61df96-aef2-4a25-b471-86021872fe4b.jpeg
7,0b0da0e2-a96b-48a9-825c-d0a373a9c334,aaa66206-7d82-4a82-a398-e129a88093a1,Product image 8,https://pub-e3f67119581e41a09e34c0a920c52720.r2.dev/stores/51da23d7-691e-4119-a13b-6670c18bba93/products/aaa66206-7d82-4a82-a398-e129a88093a1/878e889b-26d7-4b1a-bded-40f811b57502.jpeg
0,0b2d1dbe-6d60-456a-838d-52f3db084875,f1be755c-7008-496d-924a-e08e53e58bbc,Product image 1,https://pub-e3f67119581e41a09e34c0a920c52720.r2.dev/stores/b3e2a517-b6b7-44e5-a644-afa4ead57d8f/products/f1be755c-7008-496d-924a-e08e53e58bbc/302ee287-a85c-402b-83e0-aee0b899b25d.jpeg
5,0b68763b-9fb8-4678-9510-94d0b7a762bc,4d91da84-8155-400b-891f-32090beb1757,Product image 6,https://pub-e3f67119581e41a09e34c0a920c52720.r2.dev/stores/e848acb0-d570-4b44-b104-c781697589cf/products/4d91da84-8155-400b-891f-32090beb1757/c5ab014a-0031-45ed-8c6f-89407b7ff1e6.jpeg
3,0d2e8030-ed3c-4906-8eea-9d813bf96428,657da626-89e4-4ebf-8f2d-d5abb8d7a670,Product image 4,https://pub-e3f67119581e41a09e34c0a920c52720.r2.dev/stores/117a41a8-6127-400d-a3d5-839d072ed61d/products/657da626-89e4-4ebf-8f2d-d5abb8d7a670/a0b0f3ba-1757-4a43-a65b-ac3e52dc4b6f.jpg
2,0db4b204-d766-4ee9-b6ae-64d6db494870,f3bd1a85-dac5-49a0-84b5-227aeb45a167,Product image 3,https://pub-e3f67119581e41a09e34c0a920c52720.r2.dev/stores/2e5f69a2-4099-4eaa-a5ba-ccf1fc9bdcc4/products/f3bd1a85-dac5-49a0-84b5-227aeb45a167/3447268d-74af-4847-a753-2dc578419ff9.jpg
0,0ee1fe7f-25e1-4f87-b6d9-3b10a176d399,e44c5449-63e0-4793-8a59-903828b0de53,Product image 1,https://pub-e3f67119581e41a09e34c0a920c52720.r2.dev/stores/51909626-5ef9-4585-8c17-71ec734b6844/products/e44c5449-63e0-4793-8a59-903828b0de53/82aea056-824f-4ea9-9edd-1d7c724149c2.png
9,0eed2e4e-8633-4f27-b9bc-92b0fcf00004,8cca45c0-0bf4-4198-8e93-5b0fec56d805,Product image 10,https://pub-e3f67119581e41a09e34c0a920c52720.r2.dev/stores/51da23d7-691e-4119-a13b-6670c18bba93/products/8cca45c0-0bf4-4198-8e93-5b0fec56d805/0f1e34b6-caef-46a9-a818-a40ab9a76021.jpeg
0,11027e83-c0fd-4ddd-ac0a-174f2fc5fa54,b8215df3-895f-425e-99bd-48dba2fe4223,Product image 1,https://pub-e3f67119581e41a09e34c0a920c52720.r2.dev/stores/b3e2a517-b6b7-44e5-a644-afa4ead57d8f/products/b8215df3-895f-425e-99bd-48dba2fe4223/00b6c1e3-deca-4733-8dde-bd067ffd4e5a.jpeg
0,11899dad-017a-4edf-b5ef-b9078c140421,4374a88c-e21a-46e1-a49b-a116c26397c8,Product image 1,https://pub-e3f67119581e41a09e34c0a920c52720.r2.dev/stores/b3e2a517-b6b7-44e5-a644-afa4ead57d8f/products/4374a88c-e21a-46e1-a49b-a116c26397c8/8f842e9a-5ea1-4d7d-b142-53aa34eb7b82.jpeg
4,11acdc22-57d0-4cfc-97ca-cfff9504d341,f008daae-d78c-420b-a605-188245fc0645,Product image 5,https://pub-e3f67119581e41a09e34c0a920c52720.r2.dev/stores/51da23d7-691e-4119-a13b-6670c18bba93/products/f008daae-d78c-420b-a605-188245fc0645/5ac24482-f1df-4744-9981-83753d9862cc.jpeg
4,129cef88-6fe3-446a-b857-6ee764f24372,c4345064-8acf-4df8-9f36-2dbc081c5132,Product image 5,https://pub-e3f67119581e41a09e34c0a920c52720.r2.dev/stores/117a41a8-6127-400d-a3d5-839d072ed61d/products/c4345064-8acf-4df8-9f36-2dbc081c5132/5d27e24b-a749-49d7-9f6c-053cf9abaab0.jpg
1,13625347-9c80-4a8c-8bce-52397664137d,3e103da1-8dc2-49fc-ac99-13252186ed40,Product image 2,https://pub-e3f67119581e41a09e34c0a920c52720.r2.dev/stores/2e5f69a2-4099-4eaa-a5ba-ccf1fc9bdcc4/products/3e103da1-8dc2-49fc-ac99-13252186ed40/c97fa6b1-0b4e-41e5-a01f-1a4ada594b90.jpg
5,137bb3b2-0c39-4db3-ac35-6d48e9cb47f3,aaa66206-7d82-4a82-a398-e129a88093a1,Product image 6,https://pub-e3f67119581e41a09e34c0a920c52720.r2.dev/stores/51da23d7-691e-4119-a13b-6670c18bba93/products/aaa66206-7d82-4a82-a398-e129a88093a1/26426076-9ff1-4444-aad3-69bb26e00ca2.jpeg
0,13886a9e-0923-42d5-b98e-46e83cc7cfba,0a8a073d-a700-4c5d-a9ac-dd85f4669146,Product image 1,https://pub-e3f67119581e41a09e34c0a920c52720.r2.dev/stores/b3e2a517-b6b7-44e5-a644-afa4ead57d8f/products/0a8a073d-a700-4c5d-a9ac-dd85f4669146/69c6bba1-872d-4d6f-a60e-662800ee14bc.jpeg
0,15bc8e17-b0ed-4b96-8b38-c22956793a79,f071ffee-44a5-46ae-963b-b398ae2ecdc7,Product image 1,https://pub-e3f67119581e41a09e34c0a920c52720.r2.dev/stores/2e5f69a2-4099-4eaa-a5ba-ccf1fc9bdcc4/products/f071ffee-44a5-46ae-963b-b398ae2ecdc7/11fe22f8-0a6c-491d-82bc-e0b43bf8770e.jpg
0,16bf35ca-42a1-4f45-8e6a-7cf730812488,c9688179-446a-4f57-a35e-bb8e5dbc49b0,Product image 1,https://pub-e3f67119581e41a09e34c0a920c52720.r2.dev/stores/117a41a8-6127-400d-a3d5-839d072ed61d/products/c9688179-446a-4f57-a35e-bb8e5dbc49b0/528ac8ec-2749-4d45-aa32-cc75df5cdfae.jpg
0,18a0d97e-f93e-439c-8a27-c5e330c8af9c,b4d31de1-f9bc-4f8c-abe3-d29aef34fadd,Product image 1,https://pub-e3f67119581e41a09e34c0a920c52720.r2.dev/stores/117a41a8-6127-400d-a3d5-839d072ed61d/products/b4d31de1-f9bc-4f8c-abe3-d29aef34fadd/fa609f5e-7cdc-4537-9fac-fd3b8f25e571.jpg
2,18adee54-91e6-46b8-bdf6-499377518923,81676a7c-9a7a-412f-a4fc-007128b97d74,Product image 3,https://pub-e3f67119581e41a09e34c0a920c52720.r2.dev/stores/51da23d7-691e-4119-a13b-6670c18bba93/products/81676a7c-9a7a-412f-a4fc-007128b97d74/466ba326-1d6e-42c1-8c6a-cb4f1a0ee688.jpeg
0,1916923f-ca7f-4ff6-92fb-0b10cfb0f4c7,8cca45c0-0bf4-4198-8e93-5b0fec56d805,Product image 1,https://pub-e3f67119581e41a09e34c0a920c52720.r2.dev/stores/51da23d7-691e-4119-a13b-6670c18bba93/products/8cca45c0-0bf4-4198-8e93-5b0fec56d805/5cd6bf71-9340-4b6f-8ff9-4710b3770a0c.jpeg
3,19a09ae2-68a1-411f-aa35-dcd52daf673d,ccf2cb14-b095-4a3e-be9e-914f7ed7e7a5,Product image 4,https://pub-e3f67119581e41a09e34c0a920c52720.r2.dev/stores/fb972f74-0b45-417c-ab5e-e1ba39a53955/products/ccf2cb14-b095-4a3e-be9e-914f7ed7e7a5/2e47c3b1-7920-479c-a559-8f44f814a023.png
1,1a3cfc58-5ce4-40d0-adf3-b8876706d3ff,4ba40e9c-625c-4225-bd18-1f333ba47a0a,Product image 2,https://pub-e3f67119581e41a09e34c0a920c52720.r2.dev/stores/51da23d7-691e-4119-a13b-6670c18bba93/products/4ba40e9c-625c-4225-bd18-1f333ba47a0a/69c3ed00-6d79-4be7-8993-ca58d6be7bbe.jpeg
6,1b3777fe-8c04-44c4-85b5-57f87d98192f,8cca45c0-0bf4-4198-8e93-5b0fec56d805,Product image 7,https://pub-e3f67119581e41a09e34c0a920c52720.r2.dev/stores/51da23d7-691e-4119-a13b-6670c18bba93/products/8cca45c0-0bf4-4198-8e93-5b0fec56d805/bb0e04f0-4020-497a-a025-6f4d8745109f.jpeg
0,1ba0ba3d-5735-43e2-9d5c-ffa4fb8eacee,d2c6e6ce-86c7-41e5-93f2-9216015d2a9f,Product image 1,https://pub-e3f67119581e41a09e34c0a920c52720.r2.dev/stores/b3e2a517-b6b7-44e5-a644-afa4ead57d8f/products/d2c6e6ce-86c7-41e5-93f2-9216015d2a9f/80086881-7c3c-4a72-b4ea-ae7bff0358ec.jpeg
0,1f106f57-228c-49a7-a8b0-547bd8835ee3,71cc5995-0c79-4b0b-9b4e-0f8edb1c9c70,Product image 1,https://pub-e3f67119581e41a09e34c0a920c52720.r2.dev/stores/b3e2a517-b6b7-44e5-a644-afa4ead57d8f/products/71cc5995-0c79-4b0b-9b4e-0f8edb1c9c70/7125b21d-1a5a-4b52-9d98-23804c5a0f8f.jpeg
0,1fa4e131-5d97-4535-b6a0-31211ffdd473,71842df9-f066-498b-bff7-85a30ca4fc1a,Product image 1,https://pub-e3f67119581e41a09e34c0a920c52720.r2.dev/stores/117a41a8-6127-400d-a3d5-839d072ed61d/products/71842df9-f066-498b-bff7-85a30ca4fc1a/019fd988-05d2-4fce-9a17-1698ba8fc9c7.jpg
0,1fd72033-1763-4c9e-89de-1ed5196b38ec,c4f4f65e-02b0-4930-b5af-21b66b0b0187,Product image 1,https://pub-e3f67119581e41a09e34c0a920c52720.r2.dev/stores/9cfdfcde-b865-4d48-865e-78edca0d1313/products/c4f4f65e-02b0-4930-b5af-21b66b0b0187/3425f897-b657-4912-b63f-39bbda584025.jpeg
0,215607b5-3bcd-41b3-9ee8-f391f47d09da,c97a12aa-f3e6-494f-8ff4-ba7e9ebb17c4,Product image 1,https://pub-e3f67119581e41a09e34c0a920c52720.r2.dev/stores/51da23d7-691e-4119-a13b-6670c18bba93/products/c97a12aa-f3e6-494f-8ff4-ba7e9ebb17c4/f49454cd-11b2-4190-8ab6-5b1492af7134.jpeg
4,21d096ad-2cb5-4773-9d04-2e2b03a4448c,cd7def53-1af1-40a2-a799-6bfc2eca3cb7,Product image 5,https://pub-e3f67119581e41a09e34c0a920c52720.r2.dev/stores/2e5f69a2-4099-4eaa-a5ba-ccf1fc9bdcc4/products/cd7def53-1af1-40a2-a799-6bfc2eca3cb7/adc232c5-6fec-4132-8811-b71ed99e0032.jpg
1,242ca278-0ff6-41b0-914a-baa8347fae30,c4345064-8acf-4df8-9f36-2dbc081c5132,Product image 2,https://pub-e3f67119581e41a09e34c0a920c52720.r2.dev/stores/117a41a8-6127-400d-a3d5-839d072ed61d/products/c4345064-8acf-4df8-9f36-2dbc081c5132/b3620794-6e95-4644-bb52-916df3842ab3.jpg
0,264576a6-82ec-4666-b763-4a7d1ef9ceee,256689d1-22e6-4909-9281-f2b98857da2f,Product image 1,https://pub-e3f67119581e41a09e34c0a920c52720.r2.dev/stores/9cfdfcde-b865-4d48-865e-78edca0d1313/products/256689d1-22e6-4909-9281-f2b98857da2f/833a4ab2-462d-4683-b182-e3b1b1105daf.png
0,26bd0aa8-144d-43fc-b929-1dd5f50eb267,7122f162-e1bc-4475-aacf-48c7a9d5ed3a,Product image 1,https://pub-e3f67119581e41a09e34c0a920c52720.r2.dev/stores/9cfdfcde-b865-4d48-865e-78edca0d1313/products/7122f162-e1bc-4475-aacf-48c7a9d5ed3a/4766ed19-7964-4899-90a6-0aef761e2461.jpeg
0,2739b24d-635c-4541-9d52-8ce2be5017d4,81676a7c-9a7a-412f-a4fc-007128b97d74,Product image 1,https://pub-e3f67119581e41a09e34c0a920c52720.r2.dev/stores/51da23d7-691e-4119-a13b-6670c18bba93/products/81676a7c-9a7a-412f-a4fc-007128b97d74/8a968e4b-0dd6-4a6d-9bd3-ef4b1e29efd2.jpeg
0,27d6e70c-c2b2-4f41-9bab-a25c7d3916a0,f8804aa0-bc25-4697-8a76-4a4389aa62ab,Product image 1,https://pub-e3f67119581e41a09e34c0a920c52720.r2.dev/stores/51da23d7-691e-4119-a13b-6670c18bba93/products/f8804aa0-bc25-4697-8a76-4a4389aa62ab/3017f515-5cc5-4c42-9d26-b60ce8ecfbcd.jpeg
0,2998e10e-2d3b-4579-adc4-3b3d21656e77,3e103da1-8dc2-49fc-ac99-13252186ed40,Product image 1,https://pub-e3f67119581e41a09e34c0a920c52720.r2.dev/stores/2e5f69a2-4099-4eaa-a5ba-ccf1fc9bdcc4/products/3e103da1-8dc2-49fc-ac99-13252186ed40/7a9008d1-95f2-45d7-a78a-31fb051c7e86.jpg
2,2d7716c3-e146-4f41-bd4b-2cbb6da136f6,67025f62-b1de-4edb-8df6-227eb623bcf8,Product image 3,https://pub-e3f67119581e41a09e34c0a920c52720.r2.dev/stores/2e5f69a2-4099-4eaa-a5ba-ccf1fc9bdcc4/products/67025f62-b1de-4edb-8df6-227eb623bcf8/e87dbb8f-3318-45bd-bcfc-0df178d89285.png
2,2da49fd5-0e2c-46f0-88fb-abc949e12424,578362c8-15e6-4067-8946-430b3ad32ce4,Product image 3,https://pub-e3f67119581e41a09e34c0a920c52720.r2.dev/stores/51da23d7-691e-4119-a13b-6670c18bba93/products/578362c8-15e6-4067-8946-430b3ad32ce4/48076701-01a0-4c23-ac2c-5bed5f2d8af9.jpeg
0,2e5f9f12-e66b-424c-8d64-82b568ef2489,c18a1170-8d3d-4dbf-af84-d81d497dbb68,Product image 1,https://pub-e3f67119581e41a09e34c0a920c52720.r2.dev/stores/6f832b3e-eb01-4659-a46a-1147be39571c/products/c18a1170-8d3d-4dbf-af84-d81d497dbb68/45a967a4-624b-4283-8966-78ed4c5d69ee.jpg
0,2e76226e-a775-40f0-a4f4-9ceec7d90b65,578362c8-15e6-4067-8946-430b3ad32ce4,Product image 1,https://pub-e3f67119581e41a09e34c0a920c52720.r2.dev/stores/51da23d7-691e-4119-a13b-6670c18bba93/products/578362c8-15e6-4067-8946-430b3ad32ce4/75995d56-c530-4a79-bbe9-3193e8fc20fe.jpeg
4,2f5fbde6-7a83-4d9d-ad44-95f3b64c14ab,657da626-89e4-4ebf-8f2d-d5abb8d7a670,Product image 5,https://pub-e3f67119581e41a09e34c0a920c52720.r2.dev/stores/117a41a8-6127-400d-a3d5-839d072ed61d/products/657da626-89e4-4ebf-8f2d-d5abb8d7a670/4e0b0b6e-1dd9-42ce-9aac-de805ae009a4.jpg
0,304edf10-e083-43a9-b8ca-d4ee5286551a,91503517-37b0-42ff-89fb-d6bfdcf252e5,Product image 1,https://pub-e3f67119581e41a09e34c0a920c52720.r2.dev/stores/51da23d7-691e-4119-a13b-6670c18bba93/products/91503517-37b0-42ff-89fb-d6bfdcf252e5/e56518f9-fc0e-4799-9af8-a24f9982d389.jpeg
6,31c41b1b-c827-40cd-81e1-79bd68e330f7,c4345064-8acf-4df8-9f36-2dbc081c5132,Product image 7,https://pub-e3f67119581e41a09e34c0a920c52720.r2.dev/stores/117a41a8-6127-400d-a3d5-839d072ed61d/products/c4345064-8acf-4df8-9f36-2dbc081c5132/caedbc4c-b66d-4580-a4e1-3ec3eb73e0a3.jpg
4,3387a0bd-254f-4e8e-8ef1-71a5a2450916,f8804aa0-bc25-4697-8a76-4a4389aa62ab,Product image 5,https://pub-e3f67119581e41a09e34c0a920c52720.r2.dev/stores/51da23d7-691e-4119-a13b-6670c18bba93/products/f8804aa0-bc25-4697-8a76-4a4389aa62ab/3869172d-47c0-42f2-9656-fdfe478a2d83.jpeg
0,34a41dc3-9b5d-4739-a860-861bfca3fac7,f16af183-3543-4a00-a1b5-6cd439b1e36a,Product image 1,https://pub-e3f67119581e41a09e34c0a920c52720.r2.dev/stores/b3e2a517-b6b7-44e5-a644-afa4ead57d8f/products/f16af183-3543-4a00-a1b5-6cd439b1e36a/9465611a-3497-4cde-8a0f-769f242d93d3.jpeg
1,35d6ae3c-2339-40b0-b610-b503b6d36463,e44c5449-63e0-4793-8a59-903828b0de53,Product image 2,https://pub-e3f67119581e41a09e34c0a920c52720.r2.dev/stores/51909626-5ef9-4585-8c17-71ec734b6844/products/e44c5449-63e0-4793-8a59-903828b0de53/eae4c357-6440-4f35-aaad-86043feec5a8.png
2,36503763-3748-40e1-a0c9-b59ff1f85aec,8cca45c0-0bf4-4198-8e93-5b0fec56d805,Product image 3,https://pub-e3f67119581e41a09e34c0a920c52720.r2.dev/stores/51da23d7-691e-4119-a13b-6670c18bba93/products/8cca45c0-0bf4-4198-8e93-5b0fec56d805/fe974703-6b81-427a-83a1-472e3989a8c1.jpeg
1,384d1575-9cf7-4760-bb88-e813022ca62e,b53a150c-113a-440d-a479-89daf2bd1535,Product image 2,https://pub-e3f67119581e41a09e34c0a920c52720.r2.dev/stores/117a41a8-6127-400d-a3d5-839d072ed61d/products/b53a150c-113a-440d-a479-89daf2bd1535/84122f8f-9124-4787-9b31-5b974ebe64c1.jpg
2,398124b8-ba62-465b-9b41-7f9aee445d72,f06a762b-f003-4431-8a3b-8d83772c7373,Product image 3,https://pub-e3f67119581e41a09e34c0a920c52720.r2.dev/stores/e848acb0-d570-4b44-b104-c781697589cf/products/f06a762b-f003-4431-8a3b-8d83772c7373/df2c33bb-395d-4300-8507-f505ba14980f.jpeg
1,3e152f96-f5f0-4d4e-a843-8dbf105e1451,26664d3e-5688-4188-a21b-85aaa6f4a041,Product image 2,https://pub-e3f67119581e41a09e34c0a920c52720.r2.dev/stores/b3e2a517-b6b7-44e5-a644-afa4ead57d8f/products/26664d3e-5688-4188-a21b-85aaa6f4a041/dd200f7d-baa7-489c-92d9-1d37e52afc2e.jpeg
3,3e28120c-4858-4878-b7a6-16901b0de161,b03b8aa1-d09b-473f-ac2b-abb8ff54b610,Product image 4,https://pub-e3f67119581e41a09e34c0a920c52720.r2.dev/stores/2e5f69a2-4099-4eaa-a5ba-ccf1fc9bdcc4/products/b03b8aa1-d09b-473f-ac2b-abb8ff54b610/ebdd99cf-6ed1-418c-92d6-74642ae934cb.jpg
5,4021bf3d-7814-49b1-ae71-5b686f5a56e9,f8804aa0-bc25-4697-8a76-4a4389aa62ab,Product image 6,https://pub-e3f67119581e41a09e34c0a920c52720.r2.dev/stores/51da23d7-691e-4119-a13b-6670c18bba93/products/f8804aa0-bc25-4697-8a76-4a4389aa62ab/fb23e338-96d9-4a08-a831-49ed51e5a5ea.jpeg
0,422cdde5-2c95-4b93-a7f3-8be92714d0c1,d0dcca15-1636-4140-8be8-877f7f009e9a,Product image 1,https://pub-e3f67119581e41a09e34c0a920c52720.r2.dev/stores/9cfdfcde-b865-4d48-865e-78edca0d1313/products/d0dcca15-1636-4140-8be8-877f7f009e9a/c00e065d-0d2a-4c29-be95-928ae7d07f17.jpeg
2,43015fc9-d111-4356-a1e3-887e9d206127,91503517-37b0-42ff-89fb-d6bfdcf252e5,Product image 3,https://pub-e3f67119581e41a09e34c0a920c52720.r2.dev/stores/51da23d7-691e-4119-a13b-6670c18bba93/products/91503517-37b0-42ff-89fb-d6bfdcf252e5/4434e11c-0d11-4eda-88dd-7ef1f73ba88c.jpeg
1,4308be9b-892a-4a81-aaa6-00eb97d197fe,49ba190e-4008-4ae9-b044-47a37800a913,Product image 2,https://pub-e3f67119581e41a09e34c0a920c52720.r2.dev/stores/117a41a8-6127-400d-a3d5-839d072ed61d/products/49ba190e-4008-4ae9-b044-47a37800a913/e81a3875-dc14-47b0-a054-1475cbdbb2f3.jpg
0,45eac6a7-ec6b-4f71-bc48-944ac69710e2,8151963f-7fcd-4d9f-adc7-9e4f666413e0,Product image 1,https://pub-e3f67119581e41a09e34c0a920c52720.r2.dev/stores/b3e2a517-b6b7-44e5-a644-afa4ead57d8f/products/8151963f-7fcd-4d9f-adc7-9e4f666413e0/ad12796c-0bff-461b-87bf-eb64368fdc7c.jpeg
1,47d41fd3-cf39-41be-9274-8cf9cf4d050b,89ed1a51-a77e-40ea-894f-917fb5f7e983,Product image 2,https://pub-e3f67119581e41a09e34c0a920c52720.r2.dev/stores/b3e2a517-b6b7-44e5-a644-afa4ead57d8f/products/89ed1a51-a77e-40ea-894f-917fb5f7e983/48a45c54-b568-43e9-967e-3f42d01c152a.jpeg
1,48700134-825e-4b93-b9ed-2f7ce06cf2e0,1a5fd1ab-eed4-4808-8647-ea41ef8f8712,Product image 2,https://pub-e3f67119581e41a09e34c0a920c52720.r2.dev/stores/117a41a8-6127-400d-a3d5-839d072ed61d/products/1a5fd1ab-eed4-4808-8647-ea41ef8f8712/c6e918ce-b46b-4d52-93a8-78efa7912711.jpg
0,4b270f72-fe2d-4ead-beca-086071d76240,4ceab152-65d7-4210-9eb5-337e8769c29b,Product image 1,https://pub-e3f67119581e41a09e34c0a920c52720.r2.dev/stores/0ab7044c-74b3-455c-ab7d-4c887968ff1d/products/4ceab152-65d7-4210-9eb5-337e8769c29b/b45ccd53-9fea-4795-968d-b79734064d33.webp
0,4eb44f15-6963-49b7-a079-32020d18061d,077f1bd0-14c7-48f8-ba80-681333afb086,Product image 1,https://pub-e3f67119581e41a09e34c0a920c52720.r2.dev/stores/b3e2a517-b6b7-44e5-a644-afa4ead57d8f/products/077f1bd0-14c7-48f8-ba80-681333afb086/459ae258-cf6f-4768-80fa-9f109b4d7abd.jpeg
1,4fdab1fc-f47e-44f2-adc4-e4ba88999f31,cd7def53-1af1-40a2-a799-6bfc2eca3cb7,Product image 2,https://pub-e3f67119581e41a09e34c0a920c52720.r2.dev/stores/2e5f69a2-4099-4eaa-a5ba-ccf1fc9bdcc4/products/cd7def53-1af1-40a2-a799-6bfc2eca3cb7/48760c33-27c6-4849-ab88-95305671e8aa.jpg
3,50c92a2b-bcad-456c-adcc-300379cd5ebd,98cef6f7-d64a-4069-bdb9-ad7db6dd37a2,Product image 4,https://pub-e3f67119581e41a09e34c0a920c52720.r2.dev/stores/117a41a8-6127-400d-a3d5-839d072ed61d/products/98cef6f7-d64a-4069-bdb9-ad7db6dd37a2/24f72406-ea02-44b4-b1fa-414739172bb9.jpg
0,54246eb5-c7e2-47ed-bef0-c702ed65f6a8,e4fd704b-adb6-4fac-83f1-5f7316277fe3,Product image 1,https://pub-e3f67119581e41a09e34c0a920c52720.r2.dev/stores/6f832b3e-eb01-4659-a46a-1147be39571c/products/e4fd704b-adb6-4fac-83f1-5f7316277fe3/fe3dbb03-9505-4c5f-b42a-307b7d2d6d9f.jpg
4,55314104-1b9b-4784-ad52-23b58404782f,8cca45c0-0bf4-4198-8e93-5b0fec56d805,Product image 5,https://pub-e3f67119581e41a09e34c0a920c52720.r2.dev/stores/51da23d7-691e-4119-a13b-6670c18bba93/products/8cca45c0-0bf4-4198-8e93-5b0fec56d805/636df388-c70f-4c33-8a6b-2190ce80ca4f.jpeg
0,57f5b597-912d-40b5-9779-5da3657f9deb,b520e92c-fa86-4e37-98af-25dda9b5e5f9,Product image 1,https://pub-e3f67119581e41a09e34c0a920c52720.r2.dev/stores/51da23d7-691e-4119-a13b-6670c18bba93/products/b520e92c-fa86-4e37-98af-25dda9b5e5f9/8ac51319-baaa-43b9-92b0-3c18bf3663eb.jpeg
4,584e99cf-ec38-4221-ac95-46e866aeea10,aaa66206-7d82-4a82-a398-e129a88093a1,Product image 5,https://pub-e3f67119581e41a09e34c0a920c52720.r2.dev/stores/51da23d7-691e-4119-a13b-6670c18bba93/products/aaa66206-7d82-4a82-a398-e129a88093a1/ab1b87b9-3ee1-4654-a919-8f8c024b3c57.jpeg
5,58a37651-d03a-4d37-a530-7ca4b863a456,c9688179-446a-4f57-a35e-bb8e5dbc49b0,Product image 6,https://pub-e3f67119581e41a09e34c0a920c52720.r2.dev/stores/117a41a8-6127-400d-a3d5-839d072ed61d/products/c9688179-446a-4f57-a35e-bb8e5dbc49b0/b1b075f6-e837-46f0-b8c1-f92c0c43c195.jpg
4,59173c25-ad77-4a08-b6f2-69e056a0f5e2,1a5fd1ab-eed4-4808-8647-ea41ef8f8712,Product image 5,https://pub-e3f67119581e41a09e34c0a920c52720.r2.dev/stores/117a41a8-6127-400d-a3d5-839d072ed61d/products/1a5fd1ab-eed4-4808-8647-ea41ef8f8712/5747c3f1-3f48-4107-ae52-99b5e74a0e81.jpg
3,5a8a32cd-4061-428c-8419-7c21f9c6f689,f071ffee-44a5-46ae-963b-b398ae2ecdc7,Product image 4,https://pub-e3f67119581e41a09e34c0a920c52720.r2.dev/stores/2e5f69a2-4099-4eaa-a5ba-ccf1fc9bdcc4/products/f071ffee-44a5-46ae-963b-b398ae2ecdc7/c522509c-1521-4941-9525-f6a8cc26eda8.jpg
2,5a910998-10fa-4288-8dff-1724d69f8f9f,c9688179-446a-4f57-a35e-bb8e5dbc49b0,Product image 3,https://pub-e3f67119581e41a09e34c0a920c52720.r2.dev/stores/117a41a8-6127-400d-a3d5-839d072ed61d/products/c9688179-446a-4f57-a35e-bb8e5dbc49b0/9d791c4e-e611-4008-bf33-17db0342442c.jpg
0,5c209515-26a5-4aa5-a15c-46cc88dd7972,b03b8aa1-d09b-473f-ac2b-abb8ff54b610,Product image 1,https://pub-e3f67119581e41a09e34c0a920c52720.r2.dev/stores/2e5f69a2-4099-4eaa-a5ba-ccf1fc9bdcc4/products/b03b8aa1-d09b-473f-ac2b-abb8ff54b610/1174766f-192a-443d-83a7-a276c0bf538a.jpg
0,5d57d1c2-47b1-4e43-94b7-8b355a2c1807,47a1bb77-68db-43c2-a74f-d36cc8391c95,Product image 1,https://pub-e3f67119581e41a09e34c0a920c52720.r2.dev/stores/b3e2a517-b6b7-44e5-a644-afa4ead57d8f/products/47a1bb77-68db-43c2-a74f-d36cc8391c95/08a172d7-9acb-4e3c-a094-53490125c65c.jpeg
2,5def8544-8ee1-474f-8b68-912beea2222a,e44c5449-63e0-4793-8a59-903828b0de53,Product image 3,https://pub-e3f67119581e41a09e34c0a920c52720.r2.dev/stores/51909626-5ef9-4585-8c17-71ec734b6844/products/e44c5449-63e0-4793-8a59-903828b0de53/ec9ad675-7ae1-462b-bf5b-b9f012e47394.png
0,5ef69a3c-4435-4943-84ea-def011b13d0e,67025f62-b1de-4edb-8df6-227eb623bcf8,Product image 1,https://pub-e3f67119581e41a09e34c0a920c52720.r2.dev/stores/2e5f69a2-4099-4eaa-a5ba-ccf1fc9bdcc4/products/67025f62-b1de-4edb-8df6-227eb623bcf8/ee1d04cc-8b75-4ca7-b57c-93c8a78dc864.jpg
5,5fb0c419-5644-4919-a368-32469b3d3b54,81676a7c-9a7a-412f-a4fc-007128b97d74,Product image 6,https://pub-e3f67119581e41a09e34c0a920c52720.r2.dev/stores/51da23d7-691e-4119-a13b-6670c18bba93/products/81676a7c-9a7a-412f-a4fc-007128b97d74/ad5957e6-9747-421d-9670-797a2baa31ba.jpeg
0,616e6528-acd6-4cf5-8cac-b2e8766cb0b8,debb745f-e932-4428-8130-9817e6c10988,Product image 1,https://pub-e3f67119581e41a09e34c0a920c52720.r2.dev/stores/fb972f74-0b45-417c-ab5e-e1ba39a53955/products/debb745f-e932-4428-8130-9817e6c10988/12c83bf0-9058-46d7-abd3-306cb86aa3fc.png
1,630c429d-c04a-4a43-bbbe-0a24353546c0,f071ffee-44a5-46ae-963b-b398ae2ecdc7,Product image 2,https://pub-e3f67119581e41a09e34c0a920c52720.r2.dev/stores/2e5f69a2-4099-4eaa-a5ba-ccf1fc9bdcc4/products/f071ffee-44a5-46ae-963b-b398ae2ecdc7/0b18dbca-d2e6-47d1-b65b-98c2619c06cc.jpg
0,632da4a2-bef5-42d3-8f7e-2401292834ac,a03e428d-ec7f-435d-a39c-8483f11ce71a,Product image 1,https://pub-e3f67119581e41a09e34c0a920c52720.r2.dev/stores/117a41a8-6127-400d-a3d5-839d072ed61d/products/a03e428d-ec7f-435d-a39c-8483f11ce71a/c903c800-138b-41f4-8873-12319541ab4a.jpg
3,655bda7c-1bc7-4159-96c9-4368ebbe0bac,f3bd1a85-dac5-49a0-84b5-227aeb45a167,Product image 4,https://pub-e3f67119581e41a09e34c0a920c52720.r2.dev/stores/2e5f69a2-4099-4eaa-a5ba-ccf1fc9bdcc4/products/f3bd1a85-dac5-49a0-84b5-227aeb45a167/9e931cc9-c7de-4dbd-8130-d0f2137b94b3.jpg
2,66ae1011-85a4-41f0-9648-6ee25fc2100a,c4345064-8acf-4df8-9f36-2dbc081c5132,Product image 3,https://pub-e3f67119581e41a09e34c0a920c52720.r2.dev/stores/117a41a8-6127-400d-a3d5-839d072ed61d/products/c4345064-8acf-4df8-9f36-2dbc081c5132/78c90ba1-3403-4595-80ae-e889168114d6.jpg
0,67d917d4-418e-4e80-a9b4-17563602d6d8,b53a150c-113a-440d-a479-89daf2bd1535,Product image 1,https://pub-e3f67119581e41a09e34c0a920c52720.r2.dev/stores/117a41a8-6127-400d-a3d5-839d072ed61d/products/b53a150c-113a-440d-a479-89daf2bd1535/5aed8ff4-7fbd-4292-9703-6b830a0b5832.jpg
1,68960e40-5d9c-44d3-99b7-6044a407a11d,b03b8aa1-d09b-473f-ac2b-abb8ff54b610,Product image 2,https://pub-e3f67119581e41a09e34c0a920c52720.r2.dev/stores/2e5f69a2-4099-4eaa-a5ba-ccf1fc9bdcc4/products/b03b8aa1-d09b-473f-ac2b-abb8ff54b610/0da82310-08a3-474c-92a8-87607f0dd78d.jpg
1,6e8cbae5-7bfc-45da-94e7-b142fe6c9cd8,578362c8-15e6-4067-8946-430b3ad32ce4,Product image 2,https://pub-e3f67119581e41a09e34c0a920c52720.r2.dev/stores/51da23d7-691e-4119-a13b-6670c18bba93/products/578362c8-15e6-4067-8946-430b3ad32ce4/11c9c573-5a78-434a-8765-aef90eefdacc.jpeg
6,6ebc77af-e005-44d0-bcae-a787016c7ec0,81676a7c-9a7a-412f-a4fc-007128b97d74,Product image 7,https://pub-e3f67119581e41a09e34c0a920c52720.r2.dev/stores/51da23d7-691e-4119-a13b-6670c18bba93/products/81676a7c-9a7a-412f-a4fc-007128b97d74/129946b2-c055-495f-b43b-f5e273befe89.jpeg
2,6f3f19b8-fad0-4721-8f6c-baf4aaf21bb6,4ba40e9c-625c-4225-bd18-1f333ba47a0a,Product image 3,https://pub-e3f67119581e41a09e34c0a920c52720.r2.dev/stores/51da23d7-691e-4119-a13b-6670c18bba93/products/4ba40e9c-625c-4225-bd18-1f333ba47a0a/d46d8076-d9e2-4437-9864-9a2d9cfd425e.jpeg
0,71df9aa8-d1a5-4fae-b181-6a90def83caa,26664d3e-5688-4188-a21b-85aaa6f4a041,Product image 1,https://pub-e3f67119581e41a09e34c0a920c52720.r2.dev/stores/b3e2a517-b6b7-44e5-a644-afa4ead57d8f/products/26664d3e-5688-4188-a21b-85aaa6f4a041/91408f5a-2709-4844-9d73-772f6d561a43.jpeg
2,72fd8899-b5a3-4ff0-a352-ad4d2bbbf6bf,98cef6f7-d64a-4069-bdb9-ad7db6dd37a2,Product image 3,https://pub-e3f67119581e41a09e34c0a920c52720.r2.dev/stores/117a41a8-6127-400d-a3d5-839d072ed61d/products/98cef6f7-d64a-4069-bdb9-ad7db6dd37a2/76e0beca-323e-4b55-a86e-94bc1a817cd1.jpg
3,76697440-c693-48ce-bc02-81f71f3a7a4d,a03e428d-ec7f-435d-a39c-8483f11ce71a,Product image 4,https://pub-e3f67119581e41a09e34c0a920c52720.r2.dev/stores/117a41a8-6127-400d-a3d5-839d072ed61d/products/a03e428d-ec7f-435d-a39c-8483f11ce71a/9e79826f-d96e-478c-9a8a-d581e0917eca.jpg
0,77448b21-1c5b-47cf-960a-4658e78cc679,aaa66206-7d82-4a82-a398-e129a88093a1,Product image 1,https://pub-e3f67119581e41a09e34c0a920c52720.r2.dev/stores/51da23d7-691e-4119-a13b-6670c18bba93/products/aaa66206-7d82-4a82-a398-e129a88093a1/84eaff09-cdd4-4fc5-b72a-e368079b25fb.jpeg
4,78894ba3-5b62-45d4-a619-da8b108aba21,3e103da1-8dc2-49fc-ac99-13252186ed40,Product image 5,https://pub-e3f67119581e41a09e34c0a920c52720.r2.dev/stores/2e5f69a2-4099-4eaa-a5ba-ccf1fc9bdcc4/products/3e103da1-8dc2-49fc-ac99-13252186ed40/62904ee7-7032-454f-8886-9e3ab99fe449.png
7,797cb2ca-9b29-4891-b86d-73667c7f1873,81676a7c-9a7a-412f-a4fc-007128b97d74,Product image 8,https://pub-e3f67119581e41a09e34c0a920c52720.r2.dev/stores/51da23d7-691e-4119-a13b-6670c18bba93/products/81676a7c-9a7a-412f-a4fc-007128b97d74/33df1d6b-7435-4568-a007-bd7987bde03d.jpeg
0,7a32a5c1-0ae4-48fe-9348-da38412b04e4,671d0129-d363-451d-a4a0-205bc21ad1ad,Product image 1,https://pub-e3f67119581e41a09e34c0a920c52720.r2.dev/stores/b3e2a517-b6b7-44e5-a644-afa4ead57d8f/products/671d0129-d363-451d-a4a0-205bc21ad1ad/39ec851f-eeec-4be4-8928-c9ec253b57b8.jpeg
2,7cc55fd4-5886-42b2-bd14-55a4c16b0a95,26664d3e-5688-4188-a21b-85aaa6f4a041,Product image 3,https://pub-e3f67119581e41a09e34c0a920c52720.r2.dev/stores/b3e2a517-b6b7-44e5-a644-afa4ead57d8f/products/26664d3e-5688-4188-a21b-85aaa6f4a041/4b4ea355-4880-4a00-a58a-258665a9da92.jpeg
3,7cd469df-058c-42e9-a7d1-d93c5fb049c3,4ba40e9c-625c-4225-bd18-1f333ba47a0a,Product image 4,https://pub-e3f67119581e41a09e34c0a920c52720.r2.dev/stores/51da23d7-691e-4119-a13b-6670c18bba93/products/4ba40e9c-625c-4225-bd18-1f333ba47a0a/8c4dcf00-bba7-4622-87ee-ce1136882d0f.jpeg
3,7e7f35d4-a0c3-412a-932e-e021da9d8124,b53a150c-113a-440d-a479-89daf2bd1535,Product image 4,https://pub-e3f67119581e41a09e34c0a920c52720.r2.dev/stores/117a41a8-6127-400d-a3d5-839d072ed61d/products/b53a150c-113a-440d-a479-89daf2bd1535/b3285937-db4b-4ab2-9c20-83055fd027c7.jpg
8,805b3844-c478-45f4-8b0a-ae04e53877c2,81676a7c-9a7a-412f-a4fc-007128b97d74,Product image 9,https://pub-e3f67119581e41a09e34c0a920c52720.r2.dev/stores/51da23d7-691e-4119-a13b-6670c18bba93/products/81676a7c-9a7a-412f-a4fc-007128b97d74/a2afa426-93fc-4aa3-be4e-e058cc1a30e7.jpeg
1,816e0f8a-6985-4f91-876e-d303fb3d520b,8cca45c0-0bf4-4198-8e93-5b0fec56d805,Product image 2,https://pub-e3f67119581e41a09e34c0a920c52720.r2.dev/stores/51da23d7-691e-4119-a13b-6670c18bba93/products/8cca45c0-0bf4-4198-8e93-5b0fec56d805/495863c3-bc5a-4b32-8002-268ce05bd4d7.jpeg
0,81b5416d-1789-4d07-8995-a4f9d9ac3cd0,98cef6f7-d64a-4069-bdb9-ad7db6dd37a2,Product image 1,https://pub-e3f67119581e41a09e34c0a920c52720.r2.dev/stores/117a41a8-6127-400d-a3d5-839d072ed61d/products/98cef6f7-d64a-4069-bdb9-ad7db6dd37a2/0557e54c-d693-49ab-9a9f-d4b4aeced994.jpg
3,827f2fc9-9ece-4128-8a8a-6548d3f4219c,cd7def53-1af1-40a2-a799-6bfc2eca3cb7,Product image 4,https://pub-e3f67119581e41a09e34c0a920c52720.r2.dev/stores/2e5f69a2-4099-4eaa-a5ba-ccf1fc9bdcc4/products/cd7def53-1af1-40a2-a799-6bfc2eca3cb7/6bd45818-38e4-4af1-97ba-415e419a8586.jpg
0,834dab83-a605-431d-88eb-5e17dfb1b1a3,31039f87-9e45-4ae2-9818-ec9bf9591142,Product image 1,https://pub-e3f67119581e41a09e34c0a920c52720.r2.dev/stores/b3e2a517-b6b7-44e5-a644-afa4ead57d8f/products/31039f87-9e45-4ae2-9818-ec9bf9591142/a4835341-933a-4d4c-b62c-d7f521b37d95.jpeg
5,840b3928-0f1d-40e5-ba77-0672a48ab4ff,c4345064-8acf-4df8-9f36-2dbc081c5132,Product image 6,https://pub-e3f67119581e41a09e34c0a920c52720.r2.dev/stores/117a41a8-6127-400d-a3d5-839d072ed61d/products/c4345064-8acf-4df8-9f36-2dbc081c5132/7a8aca39-c9af-4ad5-9b35-44d960df5854.jpg
11,8466b243-76e8-4638-b68b-f47d64864b6e,8cca45c0-0bf4-4198-8e93-5b0fec56d805,Product image 12,https://pub-e3f67119581e41a09e34c0a920c52720.r2.dev/stores/51da23d7-691e-4119-a13b-6670c18bba93/products/8cca45c0-0bf4-4198-8e93-5b0fec56d805/e8c543ba-946e-461d-aa61-251f9dd515c6.jpeg
0,8668e0cf-def1-4954-aa03-cdbec201cab5,516b7645-c98c-40f6-846e-69eb2eae1012,Product image 1,https://pub-e3f67119581e41a09e34c0a920c52720.r2.dev/stores/117a41a8-6127-400d-a3d5-839d072ed61d/products/516b7645-c98c-40f6-846e-69eb2eae1012/9cdc3fe5-d2fd-4d59-904d-0378f91be6c9.jpg
1,86cc8ec5-4cbe-4494-a63b-e8731a98d61e,b0b113ec-375f-474a-9916-28f296b3b03f,Product image 2,https://pub-e3f67119581e41a09e34c0a920c52720.r2.dev/stores/e848acb0-d570-4b44-b104-c781697589cf/products/b0b113ec-375f-474a-9916-28f296b3b03f/fa43eb46-2f83-4676-836e-383f892680e1.jpeg
5,87094375-5544-4c2a-907e-5c111717269e,f008daae-d78c-420b-a605-188245fc0645,Product image 6,https://pub-e3f67119581e41a09e34c0a920c52720.r2.dev/stores/51da23d7-691e-4119-a13b-6670c18bba93/products/f008daae-d78c-420b-a605-188245fc0645/17a1c9c4-4e5d-49a9-b52e-ad627a197925.jpeg
3,88cb8498-3d6e-4eb5-90de-b7ffe24cd6d5,f008daae-d78c-420b-a605-188245fc0645,Product image 4,https://pub-e3f67119581e41a09e34c0a920c52720.r2.dev/stores/51da23d7-691e-4119-a13b-6670c18bba93/products/f008daae-d78c-420b-a605-188245fc0645/535d8934-dcb7-45c5-92b6-88218628f7e6.jpeg
1,88e0e8ac-f370-4470-8b00-a4f909bb6ba6,91503517-37b0-42ff-89fb-d6bfdcf252e5,Product image 2,https://pub-e3f67119581e41a09e34c0a920c52720.r2.dev/stores/51da23d7-691e-4119-a13b-6670c18bba93/products/91503517-37b0-42ff-89fb-d6bfdcf252e5/6f8e8829-6d3d-4d91-a31e-2f181dcd8706.jpeg
1,89605a63-2e64-48f3-b144-1ef518a6a72a,b4d31de1-f9bc-4f8c-abe3-d29aef34fadd,Product image 2,https://pub-e3f67119581e41a09e34c0a920c52720.r2.dev/stores/117a41a8-6127-400d-a3d5-839d072ed61d/products/b4d31de1-f9bc-4f8c-abe3-d29aef34fadd/4413a160-dd88-48dd-aa23-e711a796a209.jpg
2,8ad579a8-e185-4615-b9bb-f7414d48839d,aaa66206-7d82-4a82-a398-e129a88093a1,Product image 3,https://pub-e3f67119581e41a09e34c0a920c52720.r2.dev/stores/51da23d7-691e-4119-a13b-6670c18bba93/products/aaa66206-7d82-4a82-a398-e129a88093a1/e4d1576d-1e9d-413e-aed4-10987d293498.jpeg
12,8b6fca5d-b038-480f-a7d1-f71837e45618,8cca45c0-0bf4-4198-8e93-5b0fec56d805,Product image 13,https://pub-e3f67119581e41a09e34c0a920c52720.r2.dev/stores/51da23d7-691e-4119-a13b-6670c18bba93/products/8cca45c0-0bf4-4198-8e93-5b0fec56d805/7d4984e6-db66-4667-844d-f57eb2534fc5.jpeg
0,8eedbe3a-09aa-4dd1-bfe2-2adeaf9db586,cd7def53-1af1-40a2-a799-6bfc2eca3cb7,Product image 1,https://pub-e3f67119581e41a09e34c0a920c52720.r2.dev/stores/2e5f69a2-4099-4eaa-a5ba-ccf1fc9bdcc4/products/cd7def53-1af1-40a2-a799-6bfc2eca3cb7/170af9c7-4c0e-4e26-b586-3c604a4800fe.png
0,8f7570b7-a9d5-4372-88c3-c1a9454c09bf,b4c13126-f87d-4abf-8fe2-395d1d477904,Product image 1,https://pub-e3f67119581e41a09e34c0a920c52720.r2.dev/stores/b3e2a517-b6b7-44e5-a644-afa4ead57d8f/products/b4c13126-f87d-4abf-8fe2-395d1d477904/0e6a7274-f8d3-4a57-a74d-f36755d2826c.jpeg
3,91705f80-60f8-40db-8759-63fdb64a81ed,b520e92c-fa86-4e37-98af-25dda9b5e5f9,Product image 4,https://pub-e3f67119581e41a09e34c0a920c52720.r2.dev/stores/51da23d7-691e-4119-a13b-6670c18bba93/products/b520e92c-fa86-4e37-98af-25dda9b5e5f9/fe6a86ce-ba91-4eb2-ab7c-c3db4540d861.jpeg
1,942cc7f8-6006-4050-a96b-95ed16842f07,debb745f-e932-4428-8130-9817e6c10988,Product image 2,https://pub-e3f67119581e41a09e34c0a920c52720.r2.dev/stores/fb972f74-0b45-417c-ab5e-e1ba39a53955/products/debb745f-e932-4428-8130-9817e6c10988/0903a95f-67ed-433e-83c3-0075bff42f41.png
1,953e66c8-1ee0-45e7-855d-c5103377ce54,aaa66206-7d82-4a82-a398-e129a88093a1,Product image 2,https://pub-e3f67119581e41a09e34c0a920c52720.r2.dev/stores/51da23d7-691e-4119-a13b-6670c18bba93/products/aaa66206-7d82-4a82-a398-e129a88093a1/a2d4e4b6-857a-4c27-9329-6324ba576c44.jpeg
1,960ab6b3-c51c-4993-a257-176c89087e90,516b7645-c98c-40f6-846e-69eb2eae1012,Product image 2,https://pub-e3f67119581e41a09e34c0a920c52720.r2.dev/stores/117a41a8-6127-400d-a3d5-839d072ed61d/products/516b7645-c98c-40f6-846e-69eb2eae1012/3ebd29d8-2d61-4046-b93b-362a3f9e2a6c.jpg
0,962fca9c-3e38-481c-a1e5-2c347474d61c,49ba190e-4008-4ae9-b044-47a37800a913,Product image 1,https://pub-e3f67119581e41a09e34c0a920c52720.r2.dev/stores/117a41a8-6127-400d-a3d5-839d072ed61d/products/49ba190e-4008-4ae9-b044-47a37800a913/e065d203-87a2-4bc5-bf7d-02e8a4733297.jpg
0,99c197e4-e7f0-488a-9628-065d881d9441,4d91da84-8155-400b-891f-32090beb1757,Product image 1,https://pub-e3f67119581e41a09e34c0a920c52720.r2.dev/stores/e848acb0-d570-4b44-b104-c781697589cf/products/4d91da84-8155-400b-891f-32090beb1757/16d43742-e732-40b4-a7cc-f203746afeab.jpeg
4,99d46161-4ee3-4cf5-a0d0-6057f4adf3cd,578362c8-15e6-4067-8946-430b3ad32ce4,Product image 5,https://pub-e3f67119581e41a09e34c0a920c52720.r2.dev/stores/51da23d7-691e-4119-a13b-6670c18bba93/products/578362c8-15e6-4067-8946-430b3ad32ce4/036d57f8-4ca2-45ea-b254-f4fe15091154.jpeg
0,9cbac47a-38e5-423c-be02-6ddff3a71c0e,fe822fc3-7f22-44a3-a230-d0d05d590515,Product image 1,https://pub-e3f67119581e41a09e34c0a920c52720.r2.dev/stores/b3e2a517-b6b7-44e5-a644-afa4ead57d8f/products/fe822fc3-7f22-44a3-a230-d0d05d590515/675bf58e-1898-46df-b6a4-62c881a3d12a.jpeg
5,9e26ded8-bcfb-4af0-a352-15dc4cb98f6d,657da626-89e4-4ebf-8f2d-d5abb8d7a670,Product image 6,https://pub-e3f67119581e41a09e34c0a920c52720.r2.dev/stores/117a41a8-6127-400d-a3d5-839d072ed61d/products/657da626-89e4-4ebf-8f2d-d5abb8d7a670/1f0b3475-252a-4852-9d8a-260e8cf7a7b2.jpg
1,9e32854b-453c-42cd-aa2f-9e707d38309a,d0f7d14b-2424-436d-8786-062c63811864,Product image 2,https://pub-e3f67119581e41a09e34c0a920c52720.r2.dev/stores/117a41a8-6127-400d-a3d5-839d072ed61d/products/d0f7d14b-2424-436d-8786-062c63811864/556e01f5-c760-414b-b5c0-769dd476d5b0.jpg
2,9e70a56a-f802-4961-a618-d0b4122c7975,71842df9-f066-498b-bff7-85a30ca4fc1a,Product image 3,https://pub-e3f67119581e41a09e34c0a920c52720.r2.dev/stores/117a41a8-6127-400d-a3d5-839d072ed61d/products/71842df9-f066-498b-bff7-85a30ca4fc1a/3928963d-1b68-4486-b32e-608158ddfba9.jpg
0,9f4956a1-ae59-4e43-8281-367511b9a232,0e6a231c-0a95-45ec-9801-d32cf5254871,Product image 1,https://pub-e3f67119581e41a09e34c0a920c52720.r2.dev/stores/b3e2a517-b6b7-44e5-a644-afa4ead57d8f/products/0e6a231c-0a95-45ec-9801-d32cf5254871/06660fc8-9765-410a-8a84-9edbf16bd3e4.jpeg
3,9f4ca18b-d44b-42a5-84ac-6ff0d89c4816,91503517-37b0-42ff-89fb-d6bfdcf252e5,Product image 4,https://pub-e3f67119581e41a09e34c0a920c52720.r2.dev/stores/51da23d7-691e-4119-a13b-6670c18bba93/products/91503517-37b0-42ff-89fb-d6bfdcf252e5/744d77d7-f221-4374-b47b-90190969f645.jpeg
2,9f65247f-15a4-4305-9eb2-17bba8c9a296,f008daae-d78c-420b-a605-188245fc0645,Product image 3,https://pub-e3f67119581e41a09e34c0a920c52720.r2.dev/stores/51da23d7-691e-4119-a13b-6670c18bba93/products/f008daae-d78c-420b-a605-188245fc0645/e42bf0ff-84d7-4777-872e-38fa0338d65f.jpeg
2,9f88efd6-6afb-47c8-9be1-04092b7e7809,b53a150c-113a-440d-a479-89daf2bd1535,Product image 3,https://pub-e3f67119581e41a09e34c0a920c52720.r2.dev/stores/117a41a8-6127-400d-a3d5-839d072ed61d/products/b53a150c-113a-440d-a479-89daf2bd1535/024a50ff-2bac-4b2f-8f04-6906b18bee16.jpg
7,9f9ba88d-ad14-4c88-a9fe-22174399c6b7,8cca45c0-0bf4-4198-8e93-5b0fec56d805,Product image 8,https://pub-e3f67119581e41a09e34c0a920c52720.r2.dev/stores/51da23d7-691e-4119-a13b-6670c18bba93/products/8cca45c0-0bf4-4198-8e93-5b0fec56d805/c0a030b9-4ac4-41f5-9ab3-f193c0eeca61.jpeg
2,a0d0bda8-e095-4b58-b28d-034570f6803e,4d91da84-8155-400b-891f-32090beb1757,Product image 3,https://pub-e3f67119581e41a09e34c0a920c52720.r2.dev/stores/e848acb0-d570-4b44-b104-c781697589cf/products/4d91da84-8155-400b-891f-32090beb1757/e5544617-2b0e-42b6-a8b3-dbb611529df1.jpeg
2,a1305582-b6a7-4351-91e5-7a76f310d974,1a5fd1ab-eed4-4808-8647-ea41ef8f8712,Product image 3,https://pub-e3f67119581e41a09e34c0a920c52720.r2.dev/stores/117a41a8-6127-400d-a3d5-839d072ed61d/products/1a5fd1ab-eed4-4808-8647-ea41ef8f8712/350e03a4-f6ad-4960-bdea-ea3b966b79ce.jpg
0,a31732dc-7745-42ee-b8bf-a457cc422c91,b0b113ec-375f-474a-9916-28f296b3b03f,Product image 1,https://pub-e3f67119581e41a09e34c0a920c52720.r2.dev/stores/e848acb0-d570-4b44-b104-c781697589cf/products/b0b113ec-375f-474a-9916-28f296b3b03f/63b33f75-ea23-47c7-8db8-98ad8f1cc789.png
1,a3c4ee7e-3be9-42a6-97dd-ad4c827ebae5,657da626-89e4-4ebf-8f2d-d5abb8d7a670,Product image 2,https://pub-e3f67119581e41a09e34c0a920c52720.r2.dev/stores/117a41a8-6127-400d-a3d5-839d072ed61d/products/657da626-89e4-4ebf-8f2d-d5abb8d7a670/7200c4a5-3d04-4860-9544-e4f94656ccea.jpg
1,a5717823-6680-4091-b579-d5dae8031d21,ccf2cb14-b095-4a3e-be9e-914f7ed7e7a5,Product image 2,https://pub-e3f67119581e41a09e34c0a920c52720.r2.dev/stores/fb972f74-0b45-417c-ab5e-e1ba39a53955/products/ccf2cb14-b095-4a3e-be9e-914f7ed7e7a5/5bd82118-84fb-47a5-9ac5-de23bb5bc916.png
3,a69fb38d-dc96-4f46-adbe-8380d6bee98d,8cca45c0-0bf4-4198-8e93-5b0fec56d805,Product image 4,https://pub-e3f67119581e41a09e34c0a920c52720.r2.dev/stores/51da23d7-691e-4119-a13b-6670c18bba93/products/8cca45c0-0bf4-4198-8e93-5b0fec56d805/154b3b30-e410-4726-b505-17add22119b8.jpeg
5,a761635e-538c-48bb-8525-8cf9ed74a46a,3e103da1-8dc2-49fc-ac99-13252186ed40,Product image 6,https://pub-e3f67119581e41a09e34c0a920c52720.r2.dev/stores/2e5f69a2-4099-4eaa-a5ba-ccf1fc9bdcc4/products/3e103da1-8dc2-49fc-ac99-13252186ed40/f0d52b20-4a22-447a-ad1e-1b15ce180fb4.png
0,a8a66bff-ceb1-4bb4-b1e4-0edeecad46e4,19d4031f-1d29-4f67-a3cb-b3e4faee6473,Product image 1,https://pub-e3f67119581e41a09e34c0a920c52720.r2.dev/stores/51da23d7-691e-4119-a13b-6670c18bba93/products/19d4031f-1d29-4f67-a3cb-b3e4faee6473/0a539e04-1598-472d-9717-c701adc3ba25.jpeg
3,a94f4230-2c1e-453d-860f-aa52d91caa1c,4d91da84-8155-400b-891f-32090beb1757,Product image 4,https://pub-e3f67119581e41a09e34c0a920c52720.r2.dev/stores/e848acb0-d570-4b44-b104-c781697589cf/products/4d91da84-8155-400b-891f-32090beb1757/c989d9d3-b618-4c74-82b3-39d967b47564.jpeg
3,aa8e97fb-1b82-4542-9484-01bf1f924c69,c4345064-8acf-4df8-9f36-2dbc081c5132,Product image 4,https://pub-e3f67119581e41a09e34c0a920c52720.r2.dev/stores/117a41a8-6127-400d-a3d5-839d072ed61d/products/c4345064-8acf-4df8-9f36-2dbc081c5132/46696ece-a597-42c0-88bd-7c86accabc56.jpg
1,ab683215-907b-4a2c-a0fa-f1e06fb31899,f8804aa0-bc25-4697-8a76-4a4389aa62ab,Product image 2,https://pub-e3f67119581e41a09e34c0a920c52720.r2.dev/stores/51da23d7-691e-4119-a13b-6670c18bba93/products/f8804aa0-bc25-4697-8a76-4a4389aa62ab/25645965-50f3-4cf6-8a8f-db6fa0384aa3.jpeg
3,ad9fd81d-0393-418c-8d06-0c1ff49dffd5,67025f62-b1de-4edb-8df6-227eb623bcf8,Product image 4,https://pub-e3f67119581e41a09e34c0a920c52720.r2.dev/stores/2e5f69a2-4099-4eaa-a5ba-ccf1fc9bdcc4/products/67025f62-b1de-4edb-8df6-227eb623bcf8/093175eb-0aa1-46d6-b813-38ff23072674.png
1,add78874-6cb9-4a6a-a855-cbb2be7beb56,c861afa6-95fa-45a0-91b7-c5ecfbaa953d,Product image 2,https://pub-e3f67119581e41a09e34c0a920c52720.r2.dev/stores/b3e2a517-b6b7-44e5-a644-afa4ead57d8f/products/c861afa6-95fa-45a0-91b7-c5ecfbaa953d/1c4edb0a-91bd-47e5-a321-50055f3c8028.jpeg
1,ae7d0c1e-eaed-4653-9ac2-cfd791130dc1,f3bd1a85-dac5-49a0-84b5-227aeb45a167,Product image 2,https://pub-e3f67119581e41a09e34c0a920c52720.r2.dev/stores/2e5f69a2-4099-4eaa-a5ba-ccf1fc9bdcc4/products/f3bd1a85-dac5-49a0-84b5-227aeb45a167/5657026f-8b49-4ca4-80a0-5044319c441a.png
5,af6090bb-18c1-4e4a-82bb-47672929b3c8,578362c8-15e6-4067-8946-430b3ad32ce4,Product image 6,https://pub-e3f67119581e41a09e34c0a920c52720.r2.dev/stores/51da23d7-691e-4119-a13b-6670c18bba93/products/578362c8-15e6-4067-8946-430b3ad32ce4/0aa1ce84-1984-4b46-b614-e0c38df088e9.jpeg
1,b01f91de-ff7a-48d3-b934-465c737e82c9,c9688179-446a-4f57-a35e-bb8e5dbc49b0,Product image 2,https://pub-e3f67119581e41a09e34c0a920c52720.r2.dev/stores/117a41a8-6127-400d-a3d5-839d072ed61d/products/c9688179-446a-4f57-a35e-bb8e5dbc49b0/e7111345-4712-45db-8ed5-b9c4b2d218a3.jpg
2,b077db20-d63a-4e84-9253-a4eff405aaf9,b520e92c-fa86-4e37-98af-25dda9b5e5f9,Product image 3,https://pub-e3f67119581e41a09e34c0a920c52720.r2.dev/stores/51da23d7-691e-4119-a13b-6670c18bba93/products/b520e92c-fa86-4e37-98af-25dda9b5e5f9/b9893ae5-c27e-4620-8f02-fe98688c70e7.jpeg
0,b3047fe8-953a-4b25-9665-ff0af456b421,ccf2cb14-b095-4a3e-be9e-914f7ed7e7a5,Product image 1,https://pub-e3f67119581e41a09e34c0a920c52720.r2.dev/stores/fb972f74-0b45-417c-ab5e-e1ba39a53955/products/ccf2cb14-b095-4a3e-be9e-914f7ed7e7a5/512ca016-00e5-4bf6-8057-482ea8cce427.png
10,b33e6fd6-8bfb-4328-a3ef-57ec20c85450,8cca45c0-0bf4-4198-8e93-5b0fec56d805,Product image 11,https://pub-e3f67119581e41a09e34c0a920c52720.r2.dev/stores/51da23d7-691e-4119-a13b-6670c18bba93/products/8cca45c0-0bf4-4198-8e93-5b0fec56d805/1b1bb600-e9d2-4a00-8652-291f3769f925.jpeg
3,b52dab95-e2cb-4d52-a5f3-380cb155f905,aaa66206-7d82-4a82-a398-e129a88093a1,Product image 4,https://pub-e3f67119581e41a09e34c0a920c52720.r2.dev/stores/51da23d7-691e-4119-a13b-6670c18bba93/products/aaa66206-7d82-4a82-a398-e129a88093a1/0d60daee-ab9c-450e-91e1-b7573be4272e.jpeg
1,b5e24a94-c02e-4f22-9296-c954a1cf6871,4079d540-2fad-4bc3-a997-b1c6cf483ab0,Product image 2,https://pub-e3f67119581e41a09e34c0a920c52720.r2.dev/stores/117a41a8-6127-400d-a3d5-839d072ed61d/products/4079d540-2fad-4bc3-a997-b1c6cf483ab0/0d78d58c-34fe-49b0-bac9-6407b9a149ba.jpg
1,b7cd3c3b-d3cb-4bda-9914-56eded3cb6a6,71842df9-f066-498b-bff7-85a30ca4fc1a,Product image 2,https://pub-e3f67119581e41a09e34c0a920c52720.r2.dev/stores/117a41a8-6127-400d-a3d5-839d072ed61d/products/71842df9-f066-498b-bff7-85a30ca4fc1a/fb2b77e6-0e0b-49d4-bcd0-73ef3575c42f.jpg
1,b82c1ae8-c7ea-470b-8ca7-75c7e6c5d208,98cef6f7-d64a-4069-bdb9-ad7db6dd37a2,Product image 2,https://pub-e3f67119581e41a09e34c0a920c52720.r2.dev/stores/117a41a8-6127-400d-a3d5-839d072ed61d/products/98cef6f7-d64a-4069-bdb9-ad7db6dd37a2/2e1262a8-f09e-44cb-bc8a-67990921b7ff.jpg
0,b8f656d4-5283-4a9e-8f11-36785dd69b70,657da626-89e4-4ebf-8f2d-d5abb8d7a670,Product image 1,https://pub-e3f67119581e41a09e34c0a920c52720.r2.dev/stores/117a41a8-6127-400d-a3d5-839d072ed61d/products/657da626-89e4-4ebf-8f2d-d5abb8d7a670/384b5114-69ea-451c-9a70-cadde3f4869a.jpg
5,b92d0318-7b41-402b-ae35-02109c98037f,8cca45c0-0bf4-4198-8e93-5b0fec56d805,Product image 6,https://pub-e3f67119581e41a09e34c0a920c52720.r2.dev/stores/51da23d7-691e-4119-a13b-6670c18bba93/products/8cca45c0-0bf4-4198-8e93-5b0fec56d805/c363cc27-bff5-4697-9503-6800478eecba.jpeg
1,bb2c6b4a-3e51-4f84-b963-d43ca63001e7,4d91da84-8155-400b-891f-32090beb1757,Product image 2,https://pub-e3f67119581e41a09e34c0a920c52720.r2.dev/stores/e848acb0-d570-4b44-b104-c781697589cf/products/4d91da84-8155-400b-891f-32090beb1757/8fbb3a1a-dbb1-41d8-8b81-22630602a4e5.png
0,bccb54c6-06a2-422e-8f2e-64662f223943,a60f9505-ab38-4789-82ee-359867ee7fd9,Product image 1,https://pub-e3f67119581e41a09e34c0a920c52720.r2.dev/stores/b3e2a517-b6b7-44e5-a644-afa4ead57d8f/products/a60f9505-ab38-4789-82ee-359867ee7fd9/d166cb28-727e-436c-b37e-9cf1f0bcddca.jpeg
2,bebadf51-627a-4f4e-bb90-45d64dbcd754,f1be755c-7008-496d-924a-e08e53e58bbc,Product image 3,https://pub-e3f67119581e41a09e34c0a920c52720.r2.dev/stores/b3e2a517-b6b7-44e5-a644-afa4ead57d8f/products/f1be755c-7008-496d-924a-e08e53e58bbc/45f96a56-625f-4c14-8508-92d847731575.jpeg
1,c236a07c-4e58-4f44-abf0-9c23360dcb09,0e6a231c-0a95-45ec-9801-d32cf5254871,Product image 2,https://pub-e3f67119581e41a09e34c0a920c52720.r2.dev/stores/b3e2a517-b6b7-44e5-a644-afa4ead57d8f/products/0e6a231c-0a95-45ec-9801-d32cf5254871/37698fea-6642-4694-8ec1-bfefbe41e68a.jpeg
0,c39a82d1-fc85-4b3b-a3a3-efd3e49aab5f,f008daae-d78c-420b-a605-188245fc0645,Product image 1,https://pub-e3f67119581e41a09e34c0a920c52720.r2.dev/stores/51da23d7-691e-4119-a13b-6670c18bba93/products/f008daae-d78c-420b-a605-188245fc0645/ab732443-ddef-49b9-b64b-03882cfc81be.jpeg
2,c42f0d89-9d70-4d60-961d-059e62e9b9b2,ccf2cb14-b095-4a3e-be9e-914f7ed7e7a5,Product image 3,https://pub-e3f67119581e41a09e34c0a920c52720.r2.dev/stores/fb972f74-0b45-417c-ab5e-e1ba39a53955/products/ccf2cb14-b095-4a3e-be9e-914f7ed7e7a5/3529ea7d-308f-4f7a-aefe-d1e7620e843a.png
1,c95aaa2d-0275-45f6-b91b-45339ef34088,a03e428d-ec7f-435d-a39c-8483f11ce71a,Product image 2,https://pub-e3f67119581e41a09e34c0a920c52720.r2.dev/stores/117a41a8-6127-400d-a3d5-839d072ed61d/products/a03e428d-ec7f-435d-a39c-8483f11ce71a/7ec8efba-fb68-4287-b698-a7a1eaacf2a6.jpg
0,cb941d84-d49a-4c9e-aa47-36cf9a3f3738,1a5fd1ab-eed4-4808-8647-ea41ef8f8712,Product image 1,https://pub-e3f67119581e41a09e34c0a920c52720.r2.dev/stores/117a41a8-6127-400d-a3d5-839d072ed61d/products/1a5fd1ab-eed4-4808-8647-ea41ef8f8712/d25c4785-267a-4208-ab7b-a8653e410f87.jpg
0,cdba5531-9d68-4ffa-a9d7-32305f820c3a,770fdaca-5810-4ddc-9eee-4a27ad2408d5,Product image 1,https://pub-e3f67119581e41a09e34c0a920c52720.r2.dev/stores/c19ffee1-d484-4459-84dd-e32223a09169/products/770fdaca-5810-4ddc-9eee-4a27ad2408d5/96ead9ab-a118-42b7-ab77-9d18a992265e.png
2,cfd61a8b-cd64-4355-9142-22b6e5e8da24,b03b8aa1-d09b-473f-ac2b-abb8ff54b610,Product image 3,https://pub-e3f67119581e41a09e34c0a920c52720.r2.dev/stores/2e5f69a2-4099-4eaa-a5ba-ccf1fc9bdcc4/products/b03b8aa1-d09b-473f-ac2b-abb8ff54b610/f842d138-d8e7-4efb-8442-6c27d60d0410.jpg
1,d0713076-2ac2-46b0-a8b3-62852cca724b,31039f87-9e45-4ae2-9818-ec9bf9591142,Product image 2,https://pub-e3f67119581e41a09e34c0a920c52720.r2.dev/stores/b3e2a517-b6b7-44e5-a644-afa4ead57d8f/products/31039f87-9e45-4ae2-9818-ec9bf9591142/3e151546-1821-4645-b323-fefadd9b9785.jpeg
0,d0d191ee-84ef-4631-a840-20dfbb50a203,e0593892-a939-4ca7-b511-24283286b92f,Product image 1,https://pub-e3f67119581e41a09e34c0a920c52720.r2.dev/stores/6f832b3e-eb01-4659-a46a-1147be39571c/products/e0593892-a939-4ca7-b511-24283286b92f/5d96ac8c-e2cf-4258-bc35-93acf808703b.jpg
2,d1285fd2-cdea-451d-81a4-eb2585370114,4079d540-2fad-4bc3-a997-b1c6cf483ab0,Product image 3,https://pub-e3f67119581e41a09e34c0a920c52720.r2.dev/stores/117a41a8-6127-400d-a3d5-839d072ed61d/products/4079d540-2fad-4bc3-a997-b1c6cf483ab0/ca183a8c-b0ad-4fc3-8672-d2b5a3cea49a.jpg
0,d4887964-8be1-4296-ab38-480782911033,60edf89a-db3b-4aaf-8fa9-92f09635d66e,Product image 1,https://pub-e3f67119581e41a09e34c0a920c52720.r2.dev/stores/9cfdfcde-b865-4d48-865e-78edca0d1313/products/60edf89a-db3b-4aaf-8fa9-92f09635d66e/ba32a90a-9bbc-4bf5-b94d-d9d4fd4b1471.jpeg
0,d597ad60-2e3e-485b-9bcb-47f81978e371,c4345064-8acf-4df8-9f36-2dbc081c5132,Product image 1,https://pub-e3f67119581e41a09e34c0a920c52720.r2.dev/stores/117a41a8-6127-400d-a3d5-839d072ed61d/products/c4345064-8acf-4df8-9f36-2dbc081c5132/b2982617-8e10-40d5-9aa6-027daac42744.jpg
0,d638e12b-32c9-47ab-ab5a-374b3f0a89f2,f06a762b-f003-4431-8a3b-8d83772c7373,Product image 1,https://pub-e3f67119581e41a09e34c0a920c52720.r2.dev/stores/e848acb0-d570-4b44-b104-c781697589cf/products/f06a762b-f003-4431-8a3b-8d83772c7373/2fd27f13-4e94-4b40-8b24-dbdc20119512.jpeg
0,d63db15b-a493-4675-b729-11355d1ccb69,4079d540-2fad-4bc3-a997-b1c6cf483ab0,Product image 1,https://pub-e3f67119581e41a09e34c0a920c52720.r2.dev/stores/117a41a8-6127-400d-a3d5-839d072ed61d/products/4079d540-2fad-4bc3-a997-b1c6cf483ab0/48754177-c0fc-4a46-a0e0-7eb4450b3f08.jpg
2,d670b53d-73da-4a16-9fbd-438dc0ab9049,3e103da1-8dc2-49fc-ac99-13252186ed40,Product image 3,https://pub-e3f67119581e41a09e34c0a920c52720.r2.dev/stores/2e5f69a2-4099-4eaa-a5ba-ccf1fc9bdcc4/products/3e103da1-8dc2-49fc-ac99-13252186ed40/643a4d59-7f32-4ebf-bd0a-6fbd4833d2d6.jpg
8,d959a410-458a-43f6-8635-2ee4ad961a3c,8cca45c0-0bf4-4198-8e93-5b0fec56d805,Product image 9,https://pub-e3f67119581e41a09e34c0a920c52720.r2.dev/stores/51da23d7-691e-4119-a13b-6670c18bba93/products/8cca45c0-0bf4-4198-8e93-5b0fec56d805/078d3f90-a4f9-4968-a39d-1ccb27149af6.jpeg
0,db0ae6a6-701e-437c-99c6-5e5d610e765f,ca0c025a-acc2-476b-9de1-261fa0fd8aba,Product image 1,https://pub-e3f67119581e41a09e34c0a920c52720.r2.dev/stores/6f832b3e-eb01-4659-a46a-1147be39571c/products/ca0c025a-acc2-476b-9de1-261fa0fd8aba/dedad40f-2115-4805-819b-1bee3bcc8710.jpeg
1,dcba866d-577b-44b9-baae-81009359d2e3,81676a7c-9a7a-412f-a4fc-007128b97d74,Product image 2,https://pub-e3f67119581e41a09e34c0a920c52720.r2.dev/stores/51da23d7-691e-4119-a13b-6670c18bba93/products/81676a7c-9a7a-412f-a4fc-007128b97d74/e4706c8d-9fdb-4ae3-a211-0f638e68b7f0.jpeg
0,dcc0679a-3f09-41c3-b316-c44d504d68fd,c292dc2c-c43a-467e-a4d7-1c95ffcce525,Product image 1,https://pub-e3f67119581e41a09e34c0a920c52720.r2.dev/stores/9cfdfcde-b865-4d48-865e-78edca0d1313/products/c292dc2c-c43a-467e-a4d7-1c95ffcce525/9b06ae49-fd22-4433-90f2-61708eb20fd8.png
1,df09b62e-40f8-4935-a9d1-66642d7eec9e,f06a762b-f003-4431-8a3b-8d83772c7373,Product image 2,https://pub-e3f67119581e41a09e34c0a920c52720.r2.dev/stores/e848acb0-d570-4b44-b104-c781697589cf/products/f06a762b-f003-4431-8a3b-8d83772c7373/368ff5c4-4504-4395-a6f1-3b91d2c21fc6.jpeg
2,dfcfa242-6bb0-4911-a59b-f9bdceab354f,b4d31de1-f9bc-4f8c-abe3-d29aef34fadd,Product image 3,https://pub-e3f67119581e41a09e34c0a920c52720.r2.dev/stores/117a41a8-6127-400d-a3d5-839d072ed61d/products/b4d31de1-f9bc-4f8c-abe3-d29aef34fadd/4ccdb686-f859-4545-ad70-18d32ed70e06.jpg
0,e0099020-b425-43f5-93fa-2df57dd94b88,d0f7d14b-2424-436d-8786-062c63811864,Product image 1,https://pub-e3f67119581e41a09e34c0a920c52720.r2.dev/stores/117a41a8-6127-400d-a3d5-839d072ed61d/products/d0f7d14b-2424-436d-8786-062c63811864/df30a314-5810-4151-9416-e47ae6cfd183.jpg
3,e11e2ab2-6513-4736-be9e-456fb0c4efc2,1a5fd1ab-eed4-4808-8647-ea41ef8f8712,Product image 4,https://pub-e3f67119581e41a09e34c0a920c52720.r2.dev/stores/117a41a8-6127-400d-a3d5-839d072ed61d/products/1a5fd1ab-eed4-4808-8647-ea41ef8f8712/145246c3-ddb5-4198-b712-efbbd1abb4ab.jpg
9,e161adf5-10e2-40a1-99aa-de075cbd5e21,81676a7c-9a7a-412f-a4fc-007128b97d74,Product image 10,https://pub-e3f67119581e41a09e34c0a920c52720.r2.dev/stores/51da23d7-691e-4119-a13b-6670c18bba93/products/81676a7c-9a7a-412f-a4fc-007128b97d74/2554caf9-20c9-4f5d-a5bc-5accb308b118.jpeg
1,e1fff475-2ec0-4833-ace0-7e85dc67efd7,67025f62-b1de-4edb-8df6-227eb623bcf8,Product image 2,https://pub-e3f67119581e41a09e34c0a920c52720.r2.dev/stores/2e5f69a2-4099-4eaa-a5ba-ccf1fc9bdcc4/products/67025f62-b1de-4edb-8df6-227eb623bcf8/2308ab37-6ca9-42be-a436-4956d262133d.jpg
3,e2c35f24-9ffb-45f5-a847-278d43ad70a8,3e103da1-8dc2-49fc-ac99-13252186ed40,Product image 4,https://pub-e3f67119581e41a09e34c0a920c52720.r2.dev/stores/2e5f69a2-4099-4eaa-a5ba-ccf1fc9bdcc4/products/3e103da1-8dc2-49fc-ac99-13252186ed40/c2bba6fc-e50a-4658-80b4-e84aded357e3.jpg
1,e32ec473-0005-4548-a01e-1313d7a0efb0,c97a12aa-f3e6-494f-8ff4-ba7e9ebb17c4,Product image 2,https://pub-e3f67119581e41a09e34c0a920c52720.r2.dev/stores/51da23d7-691e-4119-a13b-6670c18bba93/products/c97a12aa-f3e6-494f-8ff4-ba7e9ebb17c4/4a57ed35-39a6-4184-82cd-7f92b51b999e.jpeg
0,e3310e77-4058-4140-89db-12d795d66d4a,5a3b7df8-32b3-421b-a8d3-f634847e99fc,Product image 1,https://pub-e3f67119581e41a09e34c0a920c52720.r2.dev/stores/cfc686b0-ce00-4eb0-9c53-415ffa1963a3/products/5a3b7df8-32b3-421b-a8d3-f634847e99fc/cff62be9-d3bd-4fb4-af28-37d298fc8c6d.jpg
2,e384b4a8-4263-4bab-9db8-b4f375fef586,f8804aa0-bc25-4697-8a76-4a4389aa62ab,Product image 3,https://pub-e3f67119581e41a09e34c0a920c52720.r2.dev/stores/51da23d7-691e-4119-a13b-6670c18bba93/products/f8804aa0-bc25-4697-8a76-4a4389aa62ab/ddd1ecaf-a9d9-4858-b06f-4a51ad3385ee.jpeg
0,e57b53dd-d944-40c4-b922-1bc39711efb8,4ba40e9c-625c-4225-bd18-1f333ba47a0a,Product image 1,https://pub-e3f67119581e41a09e34c0a920c52720.r2.dev/stores/51da23d7-691e-4119-a13b-6670c18bba93/products/4ba40e9c-625c-4225-bd18-1f333ba47a0a/443131b5-8316-4e83-adaf-869e38db80fa.jpeg
0,e58e1021-8864-41f5-b7fe-70aa2de54327,c861afa6-95fa-45a0-91b7-c5ecfbaa953d,Product image 1,https://pub-e3f67119581e41a09e34c0a920c52720.r2.dev/stores/b3e2a517-b6b7-44e5-a644-afa4ead57d8f/products/c861afa6-95fa-45a0-91b7-c5ecfbaa953d/5820d838-6798-47cf-bc0b-1f28fc73f9a2.jpeg
0,e6bf9554-9aa9-42b1-843a-35f96e655636,ce936c7d-3088-4855-b6ef-fae304eee051,Product image 1,https://pub-e3f67119581e41a09e34c0a920c52720.r2.dev/stores/9cfdfcde-b865-4d48-865e-78edca0d1313/products/ce936c7d-3088-4855-b6ef-fae304eee051/405f0f7f-ddf1-4fb8-afd8-0f41451adfc0.png
3,e7e3d211-7755-4733-bc64-221f65cf0eab,f8804aa0-bc25-4697-8a76-4a4389aa62ab,Product image 4,https://pub-e3f67119581e41a09e34c0a920c52720.r2.dev/stores/51da23d7-691e-4119-a13b-6670c18bba93/products/f8804aa0-bc25-4697-8a76-4a4389aa62ab/7b3c6e75-9bdc-4569-91c4-b76cd51e829b.jpeg
3,e83d4f47-5aaa-4fae-84b2-49614a167fef,578362c8-15e6-4067-8946-430b3ad32ce4,Product image 4,https://pub-e3f67119581e41a09e34c0a920c52720.r2.dev/stores/51da23d7-691e-4119-a13b-6670c18bba93/products/578362c8-15e6-4067-8946-430b3ad32ce4/6bbac07b-2edb-49ae-aacc-fa6b77df5324.jpeg
2,e99f90c4-17f2-4857-a4bb-2459d4b118f0,cd7def53-1af1-40a2-a799-6bfc2eca3cb7,Product image 3,https://pub-e3f67119581e41a09e34c0a920c52720.r2.dev/stores/2e5f69a2-4099-4eaa-a5ba-ccf1fc9bdcc4/products/cd7def53-1af1-40a2-a799-6bfc2eca3cb7/874bdb8b-c263-4e10-896c-cb36b227fd01.png
1,ea07ee24-4031-49a2-b7d2-d6d559d4a268,b520e92c-fa86-4e37-98af-25dda9b5e5f9,Product image 2,https://pub-e3f67119581e41a09e34c0a920c52720.r2.dev/stores/51da23d7-691e-4119-a13b-6670c18bba93/products/b520e92c-fa86-4e37-98af-25dda9b5e5f9/6f72822b-843b-4b45-aecf-a92cd00b4321.jpeg
2,eb6aa1f2-c87e-420e-9a53-d77b4aadc6a5,a03e428d-ec7f-435d-a39c-8483f11ce71a,Product image 3,https://pub-e3f67119581e41a09e34c0a920c52720.r2.dev/stores/117a41a8-6127-400d-a3d5-839d072ed61d/products/a03e428d-ec7f-435d-a39c-8483f11ce71a/71086869-b22c-47bc-8110-924fbc5f3835.jpg
6,eb7f12f8-b9ff-4291-8472-c3be837e5c7a,aaa66206-7d82-4a82-a398-e129a88093a1,Product image 7,https://pub-e3f67119581e41a09e34c0a920c52720.r2.dev/stores/51da23d7-691e-4119-a13b-6670c18bba93/products/aaa66206-7d82-4a82-a398-e129a88093a1/595cc52b-c004-46f7-9426-3a87d8cb0612.jpeg
1,ee1ef950-e336-4314-98a4-d5bd598f5354,5a3b7df8-32b3-421b-a8d3-f634847e99fc,Product image 2,https://pub-e3f67119581e41a09e34c0a920c52720.r2.dev/stores/cfc686b0-ce00-4eb0-9c53-415ffa1963a3/products/5a3b7df8-32b3-421b-a8d3-f634847e99fc/3192ced0-b6b4-4fed-8d13-71bc64c4344d.jpg
2,ef93720d-0759-4038-9431-5d2393f180ef,f071ffee-44a5-46ae-963b-b398ae2ecdc7,Product image 3,https://pub-e3f67119581e41a09e34c0a920c52720.r2.dev/stores/2e5f69a2-4099-4eaa-a5ba-ccf1fc9bdcc4/products/f071ffee-44a5-46ae-963b-b398ae2ecdc7/a6d89bd9-066f-4323-90e6-fbcfa487e815.jpg
0,f09568d2-95ee-45d0-a86e-90e802354578,f572ac63-f0de-4c95-a2d6-b36d7720b17b,Product image 1,https://pub-e3f67119581e41a09e34c0a920c52720.r2.dev/stores/9cfdfcde-b865-4d48-865e-78edca0d1313/products/f572ac63-f0de-4c95-a2d6-b36d7720b17b/9507d4d1-f95f-4d79-a667-5f451920c83a.png
4,f3146d6d-515f-43e1-9add-2f6882998600,ccf2cb14-b095-4a3e-be9e-914f7ed7e7a5,Product image 5,https://pub-e3f67119581e41a09e34c0a920c52720.r2.dev/stores/fb972f74-0b45-417c-ab5e-e1ba39a53955/products/ccf2cb14-b095-4a3e-be9e-914f7ed7e7a5/55bea965-e9b1-4dc7-a839-1e4b384d8e3d.png
0,f766c960-2d90-4c8b-a201-34755d18324b,f3bd1a85-dac5-49a0-84b5-227aeb45a167,Product image 1,https://pub-e3f67119581e41a09e34c0a920c52720.r2.dev/stores/2e5f69a2-4099-4eaa-a5ba-ccf1fc9bdcc4/products/f3bd1a85-dac5-49a0-84b5-227aeb45a167/e0db0016-d85b-4cc7-834c-a45614d207fa.png
1,f9dcaf29-f74e-4ee5-8e76-990cc994ad23,f008daae-d78c-420b-a605-188245fc0645,Product image 2,https://pub-e3f67119581e41a09e34c0a920c52720.r2.dev/stores/51da23d7-691e-4119-a13b-6670c18bba93/products/f008daae-d78c-420b-a605-188245fc0645/f9db34a1-be51-4dc7-b8bc-c748c48f7a29.jpeg
2,fa03f63c-aef5-4203-9d34-f3e1f872279c,d0f7d14b-2424-436d-8786-062c63811864,Product image 3,https://pub-e3f67119581e41a09e34c0a920c52720.r2.dev/stores/117a41a8-6127-400d-a3d5-839d072ed61d/products/d0f7d14b-2424-436d-8786-062c63811864/f5466a49-ee0e-4b3b-b085-5c4c28414082.jpg
4,fb6d682f-f36b-4041-83a5-510e384e1c8b,c9688179-446a-4f57-a35e-bb8e5dbc49b0,Product image 5,https://pub-e3f67119581e41a09e34c0a920c52720.r2.dev/stores/117a41a8-6127-400d-a3d5-839d072ed61d/products/c9688179-446a-4f57-a35e-bb8e5dbc49b0/bcbc5168-2c5e-4f69-852d-0f22f9061b22.jpg
2,fcc85eef-210c-475e-8084-33e993f342d1,657da626-89e4-4ebf-8f2d-d5abb8d7a670,Product image 3,https://pub-e3f67119581e41a09e34c0a920c52720.r2.dev/stores/117a41a8-6127-400d-a3d5-839d072ed61d/products/657da626-89e4-4ebf-8f2d-d5abb8d7a670/010a8dc1-f06d-42d0-8558-4408c2d13ecd.jpg
1,fcdd0679-c123-4232-8b17-7475ec76bf8b,f1be755c-7008-496d-924a-e08e53e58bbc,Product image 2,https://pub-e3f67119581e41a09e34c0a920c52720.r2.dev/stores/b3e2a517-b6b7-44e5-a644-afa4ead57d8f/products/f1be755c-7008-496d-924a-e08e53e58bbc/8d35b458-40ae-4f2d-961a-514646bda07f.jpeg