old_price,price,quantity,category_id,id,store_id,description,name
240,180,100,419f5dee-f364-45b0-97d2-941f23364047,077f1bd0-14c7-48f8-ba80-681333afb086,b3e2a517-b6b7-44e5-a644-afa4ead57d8f,"بيرطب الشعر وبيلمعه من غير ملمس دهني وبيفك تشابك ","سيرم سيلكيفا "
235,200,50,419f5dee-f364-45b0-97d2-941f23364047,0a8a073d-a700-4c5d-a9ac-dd85f4669146,b3e2a517-b6b7-44e5-a644-afa4ead57d8f,بيفرد الشعر لاحتوائه لماده اللانولين وزبده الشيا ومكونات اخري بتعمل علي فرد الشعر ومحاربه الهيشان ونعومه الشعر,"كريم الترميم "
90,65,50,f50e2d61-60c6-442c-ac62-74a72ac351e0,0e6a231c-0a95-45ec-9801-d32cf5254871,b3e2a517-b6b7-44e5-a644-afa4ead57d8f,"مكونه من زبده الشيا وجوز الهند وزيت الأرجان وفيتامين e 
مرطبه للجسم وريحتها ثابته ","مخمريه زبده "
850,650,,a7e4fc81-a8d5-47ed-8d66-91e89c73dab3,19d4031f-1d29-4f67-a3cb-b3e4faee6473,51da23d7-691e-4119-a13b-6670c18bba93,Lace-trimmed blazer from the Nov brand,Lace cut blazer
275,150,19,0e847eb8-f4ee-4001-9649-484b30679c48,1a5fd1ab-eed4-4808-8647-ea41ef8f8712,117a41a8-6127-400d-a3d5-839d072ed61d,"  بنطلون جينز اولادي و بناتي تطريز ستايله حلو قوي برباط زي السويت بانس ",بنطلون جينز اطفال اولادي و بناتي
1230,1050,995,710ca756-d3a2-40f3-be28-1465b927dd2a,256689d1-22e6-4909-9281-f2b98857da2f,9cfdfcde-b865-4d48-865e-78edca0d1313,"Nourish, strengthen, and revive your hair naturally with the Moagaza Hair Care Set. Soft, shiny, and healthy hair from root to tip.
",Moagaza Hair Care Set + shampo Free
175,150,30,dc1da3e7-d354-44a5-b8aa-b9bba396680d,26664d3e-5688-4188-a21b-85aaa6f4a041,b3e2a517-b6b7-44e5-a644-afa4ead57d8f,ثابت جدا وبمواد طبيعيه بيورد الخدود والشفايف وكميه كبيره تكفي سنين,چيلي تنت بالعكر الفاسي
120,80,100,f50e2d61-60c6-442c-ac62-74a72ac351e0,31039f87-9e45-4ae2-9818-ec9bf9591142,b3e2a517-b6b7-44e5-a644-afa4ead57d8f,"صابون مغربي بزيت الزيتون الأصلي 
بيشيل الجلد الميت من اول استخدام ","الصابون المغربي الأصلي "
700,500,30,fba4092f-770a-4e8c-99a9-28d055f5d133,37c18924-d127-4ed7-b19e-8eefbeee65a3,6f832b3e-eb01-4659-a46a-1147be39571c,"معاك سلاح البقع الأقوى — منتجين بيكملوا بعض لأي بقعة.
Quick Fix 125ml — للطازجة. رش، افرك، خلاص.
Heavy Duty 300ml — للصعبة والقديمة. إنزيمات بتخترق البقعة من جوه.
Quick Fix: رش ← افرك ← اشطف
Heavy Duty: رش ← استنى 3 دقايق ← افرك ← اشطف
⚠️ بعيد عن الأطفال",bundle kit
600,500,9,ddf21666-db89-4d6f-99ba-0f5638a1ac43,3e103da1-8dc2-49fc-ac99-13252186ed40,2e5f69a2-4099-4eaa-a5ba-ccf1fc9bdcc4,"✔ تصميم فاخر
✔ خامة هاي كوبي محترمة
✔ مناسب للوك شيك","Alexander McQueen "
775,425,3,2b4ec4fd-f7f6-43dd-85d2-e48c23ada255,4079d540-2fad-4bc3-a997-b1c6cf483ab0,117a41a8-6127-400d-a3d5-839d072ed61d,بيجامه بولار حريمي للتدفئه خامه بولار محترمه جدا تلبيس من ٦٠كجم الي ٨٠كحم,"بيجامه بولار حريمي "
120,100,90,f50e2d61-60c6-442c-ac62-74a72ac351e0,4374a88c-e21a-46e1-a49b-a116c26397c8,b3e2a517-b6b7-44e5-a644-afa4ead57d8f,"ليفه كسال خلود الاصليه من المغرب ",ليفه كسال الاصليه
250,185,270,419f5dee-f364-45b0-97d2-941f23364047,47a1bb77-68db-43c2-a74f-d36cc8391c95,b3e2a517-b6b7-44e5-a644-afa4ead57d8f,يرطب الشعر وبيفك التشابك ويعالج الأطراف من التقصف,بلسم سيلكيفا
675,375,9,163c1a12-aefa-4be9-b04a-ea8e639cbd34,49ba190e-4008-4ae9-b044-47a37800a913,117a41a8-6127-400d-a3d5-839d072ed61d,جاكت مبطن ووتر بروف شيك جدا اولادي وبناتي من ٢ سنه الي ٥ سنين," جاكت ووتر بروف مبطن براند يونايتيد "
650,450,5,77a48275-440f-488f-b171-8fdd5183514e,4ba40e9c-625c-4225-bd18-1f333ba47a0a,51da23d7-691e-4119-a13b-6670c18bba93,Linen shirt from Brand,Linen shamiz
,1500,2,4cb48ac3-b79b-4099-89ee-1c0bf4a24ae2,4ceab152-65d7-4210-9eb5-337e8769c29b,0ab7044c-74b3-455c-ab7d-4c887968ff1d,"Spanich tobacco ","Spanich tobacco "
430,299,15,284ac949-0275-48a3-ab7e-7ce7a0192648,4d91da84-8155-400b-891f-32090beb1757,e848acb0-d570-4b44-b104-c781697589cf,"معاك سلاح البقع الأقوى — منتجين بيكملوا بعض لأي بقعة.
Quick Fix 125ml — للطازجة. رش، افرك، خلاص.
Heavy Duty 300ml — للصعبة والقديمة. إنزيمات بتخترق البقعة من جوه.
Quick Fix: رش ← افرك ← اشطف
Heavy Duty: رش ← استنى 3 دقايق ← افرك ← اشطف

","Bundle kit "
425,225,7,2b4ec4fd-f7f6-43dd-85d2-e48c23ada255,516b7645-c98c-40f6-846e-69eb2eae1012,117a41a8-6127-400d-a3d5-839d072ed61d,"سويت بانس بناتي ميلتون قطن ١٠٠% شيك جدا مقاسات من ٤سنوات الي ١٤ سنه ","سويت بانس بناتي "
1550,999,24,a3f0221d-7360-4fbd-93fe-747c00de0b06,578362c8-15e6-4067-8946-430b3ad32ce4,51da23d7-691e-4119-a13b-6670c18bba93,Barbie material provided by Brand NOV,Belt blazer
340,239,20,5a5712af-e0f5-4608-8c80-12b419083502,5a3b7df8-32b3-421b-a8d3-f634847e99fc,cfc686b0-ce00-4eb0-9c53-415ffa1963a3,"ساعة فلق حائط خشب حفر ليزر ",فلق
,180,996,84cf1b1d-fc73-4796-9086-24d554146174,60edf89a-db3b-4aaf-8fa9-92f09635d66e,9cfdfcde-b865-4d48-865e-78edca0d1313,شامبو معجزة تركيبة مميزة غنية بزيت الكافيار وزيت التين الشوكي، يعمل على تنظيف الشعر بلطف مع تغذية عميقة لفروة الرأس وخصلات الشعر. تساعد هذه التركيبة الفريدة على تقوية الشعر وتقليل الجفاف واستعادة اللمعان الطبيعي، ليصبح شعرك أكثر نعومة وصحة وحيوية,Moagaza Shampoo – Enriched with Caviar Oil and Prickly Pear Oil
,44,99,29ca4feb-d753-4be6-b988-04a70f9499bf,60fd6d30-ee37-4da3-9006-0e0a4089e67a,f410b754-ea14-45a6-8c46-65f86767c152,افي,ا
375,225,10,bd3c63e2-768d-4496-9bdb-4dd3599b2ec1,657da626-89e4-4ebf-8f2d-d5abb8d7a670,117a41a8-6127-400d-a3d5-839d072ed61d,طقم بولار متنوع خامه جميله بالضمان بنات وأولاد عروض قويه,"طقم بولار برندات "
500,450,7,ddf21666-db89-4d6f-99ba-0f5638a1ac43,67025f62-b1de-4edb-8df6-227eb623bcf8,2e5f69a2-4099-4eaa-a5ba-ccf1fc9bdcc4,"✔ خامة قوية
✔ تصميم شيك
✔ مناسب للخروج اليومي",SB
150,120,80,f50e2d61-60c6-442c-ac62-74a72ac351e0,671d0129-d363-451d-a4a0-205bc21ad1ad,b3e2a517-b6b7-44e5-a644-afa4ead57d8f,"بتدوري على سدر مطحون أصلي يخلي شعرك يتنفس  🌿 
بيور و نقي جدا بدون اي شوائب 
ده شامبووو طبيعي حرفياااا 🫂

هتلاقوا أفضل جودة عندنا بفضل الله 💚✅

عشبه السدر فعال جدا لعلاج معظم مشاكل البشرة والشعر ❤️","سدر اصلي "
,760,19,710ca756-d3a2-40f3-be28-1465b927dd2a,7122f162-e1bc-4475-aacf-48c7a9d5ed3a,9cfdfcde-b865-4d48-865e-78edca0d1313,"Buy 2 Oils, Get a Free Hair Serum ","Buy 2 Oils, Get a Free Hair Serum "
715,465,12,2b4ec4fd-f7f6-43dd-85d2-e48c23ada255,71842df9-f066-498b-bff7-85a30ca4fc1a,117a41a8-6127-400d-a3d5-839d072ed61d,"سعر مصنع طقم بناتي سمر ميلتون قطن براند نانو تكس 
خروجات ونوادي ودروس مقاسات من ١٠ سنوات الي ١٨ سنه    ","NanoTex طقم بنات محير براند  "
190,150,40,dc1da3e7-d354-44a5-b8aa-b9bba396680d,71cc5995-0c79-4b0b-9b4e-0f8edb1c9c70,b3e2a517-b6b7-44e5-a644-afa4ead57d8f,"بينضف البشره بعمق وبيرطبها 
وبيعمل علي شد البشره ونضارتها ",غسول الفوم بلبان الدكر
600,300,5,7380d70b-cde3-40b5-9729-cc379d2d8530,770fdaca-5810-4ddc-9eee-4a27ad2408d5,c19ffee1-d484-4459-84dd-e32223a09169,"سلسلة ",سلسة
250,185,250,419f5dee-f364-45b0-97d2-941f23364047,8151963f-7fcd-4d9f-adc7-9e4f666413e0,b3e2a517-b6b7-44e5-a644-afa4ead57d8f,"يرطب الشعر بعمق ويعالج التقصف والهيشان ",شامبو سيلكيفا للترميم
650,450,36,a7e4fc81-a8d5-47ed-8d66-91e89c73dab3,81676a7c-9a7a-412f-a4fc-007128b97d74,51da23d7-691e-4119-a13b-6670c18bba93,Wrap shirt from Brand Nov,Shirt wrap
300,270,30,f50e2d61-60c6-442c-ac62-74a72ac351e0,89ed1a51-a77e-40ea-894f-917fb5f7e983,b3e2a517-b6b7-44e5-a644-afa4ead57d8f,"بيشيل الجلد الميت وبيرطب الجسم 
وبيعالج جلد الوزه 
مكون من مجموعه من الزبدات والزيوت المرطبه والمغذيه للجسم ",فومينج اسكراب
699,399,111,77a48275-440f-488f-b171-8fdd5183514e,8cca45c0-0bf4-4198-8e93-5b0fec56d805,51da23d7-691e-4119-a13b-6670c18bba93,"Basic is presented by Brand Nov
بيزك مقدم من NOV بخامات متخصصة تم تجهيزها خصيصًا لخط الـBasic،
مع تنوع ألوان كامل يصل إلى 10 ألوان.",Basic
950,650,24,3906e1a8-8418-4d39-a848-fd3791e8377b,91503517-37b0-42ff-89fb-d6bfdcf252e5,51da23d7-691e-4119-a13b-6670c18bba93,Classic trousers – a modern cut from Brand Nov,Classic pants
275,150,4,bd3c63e2-768d-4496-9bdb-4dd3599b2ec1,98cef6f7-d64a-4069-bdb9-ad7db6dd37a2,117a41a8-6127-400d-a3d5-839d072ed61d,جاكت بولار براند ترينيد تلبيس من ٢ سنه الي ٨ سنوات," جاكت بولار اولادي وبناتي تلبيسمن ٢الي٨سنين"
415,225,5,bd3c63e2-768d-4496-9bdb-4dd3599b2ec1,a03e428d-ec7f-435d-a39c-8483f11ce71a,117a41a8-6127-400d-a3d5-839d072ed61d,سويت شيرت ميلتون قطن ضد الوبره بالضمان من المصنع  براند ليذرد اولادي وبناتي تلبيس من ٣ سنوات الي ٩ سنوات," سويتشيرت  ميلتون اولادي بناتي "
240,200,40,419f5dee-f364-45b0-97d2-941f23364047,a60f9505-ab38-4789-82ee-359867ee7fd9,b3e2a517-b6b7-44e5-a644-afa4ead57d8f,"بيوقف التساقط من تاني استخدام 
وبيقلل من القشره 
وبيعمل علي إنبات الشعر ","اسبراي التساقط "
599,399,63,77a48275-440f-488f-b171-8fdd5183514e,aaa66206-7d82-4a82-a398-e129a88093a1,51da23d7-691e-4119-a13b-6670c18bba93,"بيزك مقدم من NOV بخامات متخصصة تم تجهيزها خصيصًا لخط الـBasic،
مع تنوع ألوان كامل يصل إلى 10 ألوان.",(Crop Top)
650,550,10,ddf21666-db89-4d6f-99ba-0f5638a1ac43,b03b8aa1-d09b-473f-ac2b-abb8ff54b610,2e5f69a2-4099-4eaa-a5ba-ccf1fc9bdcc4,"✔ خامة ممتازة
✔ مريح في اللبس
✔ مناسب لكل اللبس الكاجوال","Air Force "
300,219,15,284ac949-0275-48a3-ab7e-7ce7a0192648,b0b113ec-375f-474a-9916-28f296b3b03f,e848acb0-d570-4b44-b104-c781697589cf,"يشيل أصعب البقع — حبر، دهون، تصبغات.
رش ← افرك ← اشطف بمية نظيفة.
⚠️ لازم يتشطف بعد الاستخدام. بعيد عن الأطفال. تجنب ملامسة العيون. 💪​​​​​​​​​​​​​​​​",Splashin Heavy Duty
250,185,270,419f5dee-f364-45b0-97d2-941f23364047,b4c13126-f87d-4abf-8fe2-395d1d477904,b3e2a517-b6b7-44e5-a644-afa4ead57d8f,"حمام كريم بزبده الشيا والكولاجين البحري والبيوتين بيرطب الشعر جدا 
وبيجعل الشعر ملمس الحرير",حمام كريم سيلكيفا
1050,675,7,0e847eb8-f4ee-4001-9649-484b30679c48,b4d31de1-f9bc-4f8c-abe3-d29aef34fadd,117a41a8-6127-400d-a3d5-839d072ed61d,"بدله جينز اولادي براند فاني باني تلبيس من ٣ سنوات الي ١٠سنوات خامات عاليه الجوده ","طقم العيد بدله جينز اولادي ٣ قطع "
750,550,38,77a48275-440f-488f-b171-8fdd5183514e,b520e92c-fa86-4e37-98af-25dda9b5e5f9,51da23d7-691e-4119-a13b-6670c18bba93,Poplin shirt presented by Brand Nov,Chmez poplin
1250,775,8,0e847eb8-f4ee-4001-9649-484b30679c48,b53a150c-113a-440d-a479-89daf2bd1535,117a41a8-6127-400d-a3d5-839d072ed61d,"حلويات العيد بدله جينز ٤ قطع بنطلون وايدليج وجاكت و بدي وكوليه براند فاني باني الغني عن التعريف   ","بدله جينز ٤قطع وايد ليج تلبيس ١٢ الي ١٨سنه "
70,100,19,4d071abc-1f79-4176-9b1b-fa92a0fc10fd,b6dc3ca9-d247-4f61-8ea6-5ce61913a124,048d1c13-4e46-460a-9911-797a709fde37,عبد اسود اللون,عبد
85,65,100,f50e2d61-60c6-442c-ac62-74a72ac351e0,b8215df3-895f-425e-99bd-48dba2fe4223,b3e2a517-b6b7-44e5-a644-afa4ead57d8f,"مزود بزيت السعد لتقليل نمو الشعر 
وعطور فرنسيه ",سويت سوداني
950,700,300,fba4092f-770a-4e8c-99a9-28d055f5d133,c18a1170-8d3d-4dbf-af84-d81d497dbb68,6f832b3e-eb01-4659-a46a-1147be39571c,test,bracelet 3
,380,982,84cf1b1d-fc73-4796-9086-24d554146174,c292dc2c-c43a-467e-a4d7-1c95ffcce525,9cfdfcde-b865-4d48-865e-78edca0d1313,"1. ينشط الدورة الدموية في فروة الرأس يُعطي أحساس انتعاش اول 10 دقائق مما يساعد على تحفيز نمو يالشعر 

2.	خالي من المينوكسيديل واي مواد كيميائية وآمن عند التوقف عن استخدامه

4.	يمكن استخدامه للرجال والنساء ومناسب للأطفال من عمر 7سنوات ","Moagaza oil "
690,425,9,163c1a12-aefa-4be9-b04a-ea8e639cbd34,c4345064-8acf-4df8-9f36-2dbc081c5132,117a41a8-6127-400d-a3d5-839d072ed61d," طقم اولادي براند يونايتد خامه مضمونه جدا يعني  تلبيس من ٤ سنوات الي ٩ سنوات تلبيس مرتاح 
 ",طقم أولادي براند يونايتيد
,680,20,710ca756-d3a2-40f3-be28-1465b927dd2a,c4f4f65e-02b0-4930-b5af-21b66b0b0187,9cfdfcde-b865-4d48-865e-78edca0d1313,"Buy a Serum & Oil, Get a Free Shampoo ","Buy a Serum & Oil, Get a Free Shampoo "
300,250,27,f50e2d61-60c6-442c-ac62-74a72ac351e0,c861afa6-95fa-45a0-91b7-c5ecfbaa953d,b3e2a517-b6b7-44e5-a644-afa4ead57d8f,"بيرطب الجسم جدا 
وبيعالج جلد الوزه بشكل سريع 
وريحه تدوم طول اليوم",لوشن يوريا 30%
825,550,550,2b4ec4fd-f7f6-43dd-85d2-e48c23ada255,c9688179-446a-4f57-a35e-bb8e5dbc49b0,117a41a8-6127-400d-a3d5-839d072ed61d,احلي طقم بناتي خريفي خروج بالبنطلون وايد ليج تلبيس مرتاح سمر ميلتون  Miaبراند," طقم بناتي وايد ليج من٨سنين ل١٤سنه"
1250,850,21,77a48275-440f-488f-b171-8fdd5183514e,c97a12aa-f3e6-494f-8ff4-ba7e9ebb17c4,51da23d7-691e-4119-a13b-6670c18bba93,Linen suit provided by Brand,Linen suit
400,250,12,fba4092f-770a-4e8c-99a9-28d055f5d133,ca0c025a-acc2-476b-9de1-261fa0fd8aba,6f832b3e-eb01-4659-a46a-1147be39571c,test bracelet,bracelet 1
,140,10,af9e3f9b-9608-468f-9f91-7b4afa325b3e,ccf2cb14-b095-4a3e-be9e-914f7ed7e7a5,fb972f74-0b45-417c-ab5e-e1ba39a53955,"50مل زيت نعناع نقي ١٠٠٪

يساعد في التخلص من آلام الظهر والرقبة ، قم بالتدليك مرتين باليوم 
كما يساعد في شد عضلات الجسم عندما يخلط بزيت المرمية.","زيت نعناع "
550,480,3,ddf21666-db89-4d6f-99ba-0f5638a1ac43,cd7def53-1af1-40a2-a799-6bfc2eca3cb7,2e5f69a2-4099-4eaa-a5ba-ccf1fc9bdcc4,"✔ خفيف جداً
✔ مريح للمشي الطويل
✔ تصميم مميز","New balance "
,360,994,84cf1b1d-fc73-4796-9086-24d554146174,ce936c7d-3088-4855-b6ef-fae304eee051,9cfdfcde-b865-4d48-865e-78edca0d1313," مصمم بتركيبة غنية تمنح شعرك ترطيبًا عميقًا من أول استخدام يساعد على إصلاح الشعر الجاف والتالف ويعيد له نعومته ولمعانه الطبيعي. بفضل مكوناته المغذية، يتغلغل الماسك داخل ألياف الشعر ليمنحها ترطيبًا مكثفًا ويحافظ على مرونة الشعر وقوته",Moagaza MG Hair Mask
,300,996,84cf1b1d-fc73-4796-9086-24d554146174,d0dcca15-1636-4140-8be8-877f7f009e9a,9cfdfcde-b865-4d48-865e-78edca0d1313,طريقة الاستخدام:يوضع مقدار مناسب من السيرم على الشعر وهو مبلل بعد الخروج من الشاور مباشرة، ثم يوزع على طول الشعر والأطراف ويترك دون شطف للحصول على أفضل ترطيب ولمعان,Moagaza MG Caviar Hair Serum
425,275,7,bd3c63e2-768d-4496-9bdb-4dd3599b2ec1,d0f7d14b-2424-436d-8786-062c63811864,117a41a8-6127-400d-a3d5-839d072ed61d,"طقم بولار شتوي موديلات اولادي وبناتي  براند مقاسات من ٤ سنوات الي ٨سنوات TikDo ",طقم بولار شتويTikDo
180,150,50,f50e2d61-60c6-442c-ac62-74a72ac351e0,d2c6e6ce-86c7-41e5-93f2-9216015d2a9f,b3e2a517-b6b7-44e5-a644-afa4ead57d8f,"ترطيب عميق للجسم 
مكونه من مجموعه من الزبدات والزيوت المرطبه والمغذيه للجسم 
من غير اي ملمس دهني ","زبده الجسم "
,70,8,db6c5a77-a798-4c5c-b786-fbca7f006fa0,debb745f-e932-4428-8130-9817e6c10988,fb972f74-0b45-417c-ab5e-e1ba39a53955,"• من أجمل نباتات الزينة الورقية، ويشتهر بألوان أوراقه الزاهية والمتداخلة التي تشبه ألوان السجاد اليدوي

• وهو نبات سهل العناية ومناسب جداً للمبتدئين ",نبات السجاد Coleus scutellarioides
1350,1100,200,fba4092f-770a-4e8c-99a9-28d055f5d133,e0593892-a939-4ca7-b511-24283286b92f,6f832b3e-eb01-4659-a46a-1147be39571c,test,bracelet 4
1200,799,20,8ca050b6-ffc4-4ab4-af22-6731742e938d,e44c5449-63e0-4793-8a59-903828b0de53,51909626-5ef9-4585-8c17-71ec734b6844,هوديز اسود فى اربع الوان,"هودي اسود "
600,500,100,fba4092f-770a-4e8c-99a9-28d055f5d133,e4fd704b-adb6-4fac-83f1-5f7316277fe3,6f832b3e-eb01-4659-a46a-1147be39571c,testt,bracelet 2
750,600,16,a7e4fc81-a8d5-47ed-8d66-91e89c73dab3,f008daae-d78c-420b-a605-188245fc0645,51da23d7-691e-4119-a13b-6670c18bba93,Two pieces in one shirt A distinctive lace shirt Presented by Brand,Chemez two pieces
180,149,15,284ac949-0275-48a3-ab7e-7ce7a0192648,f06a762b-f003-4431-8a3b-8d83772c7373,e848acb0-d570-4b44-b104-c781697589cf,"لا تخرج من البيت بدونه. يزيل البيبسي والشاي والحبر الطازج في ثوانٍ — في أي مكان وأي وقت.
رش مباشرة على البقعة ← افرك فوراً ← اشطف.
⚠️ بعيد عن الأطفال. تجنب ملامسة العيون. 💪​​​​​​​​​​​​​​​​","Quick stain "
530,470,3,ddf21666-db89-4d6f-99ba-0f5638a1ac43,f071ffee-44a5-46ae-963b-b398ae2ecdc7,2e5f69a2-4099-4eaa-a5ba-ccf1fc9bdcc4,"✔ خفيف ومريح
✔ مناسب للمشي والخروج
✔ تصميم رياضي شيك","Adidas "
400,330,35,419f5dee-f364-45b0-97d2-941f23364047,f16af183-3543-4a00-a1b5-6cd439b1e36a,b3e2a517-b6b7-44e5-a644-afa4ead57d8f,"اكتر من ١٥ نوع زيت للإنبات 
بيعمل علي الانبات وتتقيل الشعر والتطويل 
بيستخدم حمام زيت مرتين في الأسبوع 
وللأطفال من عمر ٦ شهور ",Reva oil
250,220,80,f50e2d61-60c6-442c-ac62-74a72ac351e0,f1be755c-7008-496d-924a-e08e53e58bbc,b3e2a517-b6b7-44e5-a644-afa4ead57d8f,"زيرو كحول 
ثابت يومين 
متوفر بعطرين 
استروبري باوند كيك 
وبربري هير ","اسبلاش "
440,390,4,ddf21666-db89-4d6f-99ba-0f5638a1ac43,f3bd1a85-dac5-49a0-84b5-227aeb45a167,2e5f69a2-4099-4eaa-a5ba-ccf1fc9bdcc4,"✔ خفيف جداً
✔ مريح للمشي الطويل
✔ تصميم مميز",Nike
,740,20,710ca756-d3a2-40f3-be28-1465b927dd2a,f572ac63-f0de-4c95-a2d6-b36d7720b17b,9cfdfcde-b865-4d48-865e-78edca0d1313,"Hair Mask & Oil, Get a Free Shampoo","Hair Mask & Oil, Get a Free Shampoo"
1650,1200,26,a3f0221d-7360-4fbd-93fe-747c00de0b06,f8804aa0-bc25-4697-8a76-4a4389aa62ab,51da23d7-691e-4119-a13b-6670c18bba93,Formal suit provided by Brand NOV,Formal suit
160,135,40,f50e2d61-60c6-442c-ac62-74a72ac351e0,fe822fc3-7f22-44a3-a230-d0d05d590515,b3e2a517-b6b7-44e5-a644-afa4ead57d8f,"مزيل عرق طبي 
بيفتح وبيمنع ريحه العرق لمده يومين 
هتعرقي ريحه حلوه ","ديودرانت رول اون "